,,,,,,,,
Unix Timestamp,Date,Symbol,Open,High,Low,Close,Volume XVG,Volume USD
1601164800,2020-09-27,XVGUSD,0.004151,0.004368,0.004151,0.004368,101139.5,431.79
1601078400,2020-09-26,XVGUSD,0.004151,0.004151,0.003864,0.004151,6126.37,25.31
1600992000,2020-09-25,XVGUSD,0.00383,0.004151,0.00383,0.004151,1686.67,6.772
1600905600,2020-09-24,XVGUSD,0.00375,0.003901,0.00368,0.00383,4834.12,17.81
1600819200,2020-09-23,XVGUSD,0.003751,0.003782,0.00375,0.00375,555.74,2.085
1600732800,2020-09-22,XVGUSD,0.00418,0.00418,0.003751,0.003751,100.68,0.3776
1600646400,2020-09-21,XVGUSD,0.004163,0.004182,0.0039,0.00418,6644.41,26.13
1600560000,2020-09-20,XVGUSD,0.004,0.00455,0.0039,0.004163,2675.35,11.09
1600473600,2020-09-19,XVGUSD,0.004333,0.00455,0.004,0.004,3886.32,16.42
1600387200,2020-09-18,XVGUSD,0.004155,0.004333,0.004,0.004333,6022.23,25.19
1600300800,2020-09-17,XVGUSD,0.00409,0.004187,0.00409,0.004155,72.62,0.303
1600214400,2020-09-16,XVGUSD,0.0042,0.0042,0.00409,0.00409,4202.55,17.19
1600128000,2020-09-15,XVGUSD,0.004361,0.004361,0.004,0.0042,4757.47,19.58
1600041600,2020-09-14,XVGUSD,0.004289,0.0046,0.004,0.004361,296.24,1.345
1599955200,2020-09-13,XVGUSD,0.00423,0.004289,0.004,0.004289,1119.64,4.642
1599868800,2020-09-12,XVGUSD,0.00423,0.00423,0.00423,0.00423,173.63,0.7344
1599782400,2020-09-11,XVGUSD,0.004,0.00463,0.004,0.00423,9093.66,37.98
1599696000,2020-09-10,XVGUSD,0.004397,0.0045,0.004,0.004,10617.69,43.94
1599609600,2020-09-09,XVGUSD,0.004224,0.0045,0.004,0.004397,2215.97,9.753
1599523200,2020-09-08,XVGUSD,0.004,0.004224,0.004,0.004224,534.85,2.145
1599436800,2020-09-07,XVGUSD,0.00438,0.00438,0.004,0.004,4677.52,18.72
1599350400,2020-09-06,XVGUSD,0.0041,0.0045,0.0039,0.00438,3494.13,14.73
1599264000,2020-09-05,XVGUSD,0.0044,0.0045,0.0041,0.0041,14614.83,62.42
1599177600,2020-09-04,XVGUSD,0.004967,0.004967,0.0044,0.0044,8821.02,39.58
1599091200,2020-09-03,XVGUSD,0.0046,0.005014,0.0044,0.004967,7317.22,33.01
1599004800,2020-09-02,XVGUSD,0.004731,0.00508,0.0046,0.0046,2160.2,10.25
1598918400,2020-09-01,XVGUSD,0.00504,0.00509,0.004731,0.004731,9594.62,45.64
1598832000,2020-08-31,XVGUSD,0.00471,0.00504,0.00471,0.00504,384.46,1.817
1598745600,2020-08-30,XVGUSD,0.00477,0.00509,0.00471,0.00471,33577.16,169.11
1598659200,2020-08-29,XVGUSD,0.0051,0.0051,0.00477,0.00477,1843.26,9.266
1598572800,2020-08-28,XVGUSD,0.004864,0.0051,0.00477,0.0051,2932.01,14.15
1598486400,2020-08-27,XVGUSD,0.0052,0.0052,0.004864,0.004864,743.11,3.619
1598400000,2020-08-26,XVGUSD,0.004863,0.0052,0.004863,0.0052,83248.69,431.75
1598313600,2020-08-25,XVGUSD,0.0049,0.0052,0.00477,0.004863,62071.78,321.78
1598227200,2020-08-24,XVGUSD,0.00476,0.0049,0.00476,0.0049,23785.63,116.54
1598140800,2020-08-23,XVGUSD,0.004575,0.00476,0.004575,0.00476,15004.2,71.19
1598054400,2020-08-22,XVGUSD,0.004625,0.004946,0.004575,0.004575,428.05,2.026
1597968000,2020-08-21,XVGUSD,0.00471,0.00471,0.004575,0.004625,11180.69,52.27
1597881600,2020-08-20,XVGUSD,0.00471,0.00471,0.00471,0.00471,3732.07,17.58
1597795200,2020-08-19,XVGUSD,0.0048,0.0052,0.00471,0.00471,158730.09,761.94
1597708800,2020-08-18,XVGUSD,0.00482,0.005219,0.0048,0.0048,1787.62,8.918
1597622400,2020-08-17,XVGUSD,0.00471,0.00482,0.00471,0.00482,237.56,1.145
1597536000,2020-08-16,XVGUSD,0.00471,0.005239,0.00471,0.00471,2051,9.671
1597449600,2020-08-15,XVGUSD,0.004695,0.004946,0.004695,0.00471,2053.92,10
1597363200,2020-08-14,XVGUSD,0.004945,0.004945,0.004655,0.004695,9335.32,43.57
1597276800,2020-08-13,XVGUSD,0.004663,0.004945,0.004663,0.004945,3636.1,17.58
1597190400,2020-08-12,XVGUSD,0.0049,0.005239,0.004663,0.004663,8629.62,41.23
1597104000,2020-08-11,XVGUSD,0.004946,0.004946,0.0049,0.0049,1247.52,6.141
1597017600,2020-08-10,XVGUSD,0.005172,0.005172,0.00486,0.004946,5902.45,28.86
1596931200,2020-08-09,XVGUSD,0.0047,0.005172,0.0047,0.005172,652.45,3.278
1596844800,2020-08-08,XVGUSD,0.004663,0.0049,0.004663,0.0047,985.45,4.673
1596758400,2020-08-07,XVGUSD,0.0047,0.005241,0.004663,0.004663,16544.16,78.59
1596672000,2020-08-06,XVGUSD,0.005137,0.005241,0.004677,0.0047,21909.58,109.05
1596585600,2020-08-05,XVGUSD,0.005195,0.005195,0.004663,0.005137,11989.13,56.44
1596499200,2020-08-04,XVGUSD,0.004526,0.0052,0.0045,0.005195,45568.98,206.52
1596412800,2020-08-03,XVGUSD,0.005,0.005241,0.00442,0.004526,2793.64,13.67
1596326400,2020-08-02,XVGUSD,0.0048,0.005,0.0044,0.005,39128.32,192.25
1596240000,2020-08-01,XVGUSD,0.004845,0.004845,0.0043,0.0048,20241.65,93.62
1596153600,2020-07-31,XVGUSD,0.0045,0.004874,0.004365,0.004845,5522.63,24.36
1596067200,2020-07-30,XVGUSD,0.004315,0.0045,0.004315,0.0045,2737.09,12.04
1595980800,2020-07-29,XVGUSD,0.004258,0.004885,0.004135,0.004315,6921.73,29.55
1595894400,2020-07-28,XVGUSD,0.004267,0.004267,0.004258,0.004258,92,0.3918
1595808000,2020-07-27,XVGUSD,0.004134,0.004889,0.004134,0.004267,726.4,3.534
1595721600,2020-07-26,XVGUSD,0.004134,0.004134,0.004134,0.004134,0,0
1595635200,2020-07-25,XVGUSD,0.004,0.004889,0.00394,0.004134,3767.02,16.58
1595548800,2020-07-24,XVGUSD,0.00463,0.00463,0.00392,0.004,16623.19,66.6
1595462400,2020-07-23,XVGUSD,0.004368,0.00463,0.004101,0.00463,12539.76,52.85
1595376000,2020-07-22,XVGUSD,0.004368,0.0048,0.00383,0.004368,7037.83,31.36
1595289600,2020-07-21,XVGUSD,0.00466,0.004912,0.004368,0.004368,863.22,3.832
1595203200,2020-07-20,XVGUSD,0.00466,0.00466,0.00466,0.00466,98.83,0.4605
1595116800,2020-07-19,XVGUSD,0.004378,0.00466,0.004378,0.00466,8336.03,36.53
1595030400,2020-07-18,XVGUSD,0.003731,0.00491,0.003731,0.004378,54537.92,253.27
1594944000,2020-07-17,XVGUSD,0.003731,0.003731,0.003731,0.003731,0,0
1594857600,2020-07-16,XVGUSD,0.003746,0.004367,0.003666,0.003731,29369.93,114.87
1594771200,2020-07-15,XVGUSD,0.0039,0.004368,0.003746,0.003746,38575.75,150.38
1594684800,2020-07-14,XVGUSD,0.00455,0.00455,0.0039,0.0039,12502.45,48.76
1594598400,2020-07-13,XVGUSD,0.00463,0.00463,0.00392,0.00455,16512.03,66.94
1594512000,2020-07-12,XVGUSD,0.0039,0.00463,0.0039,0.00463,16856.42,70.3
1594425600,2020-07-11,XVGUSD,0.00395,0.00463,0.0039,0.0039,1211.19,4.972
1594339200,2020-07-10,XVGUSD,0.004292,0.005,0.00393,0.00395,14305.05,60.46
1594252800,2020-07-09,XVGUSD,0.005201,0.005201,0.004292,0.004292,14612.9,64.04
1594166400,2020-07-08,XVGUSD,0.00449,0.005201,0.00445,0.005201,1533.24,7.111
1594080000,2020-07-07,XVGUSD,0.0044,0.00449,0.0044,0.00449,1890.22,8.479
1593993600,2020-07-06,XVGUSD,0.00463,0.004892,0.004292,0.0044,26497.46,118.87
1593907200,2020-07-05,XVGUSD,0.0047,0.0047,0.004011,0.00463,12460.91,54.23
1593820800,2020-07-04,XVGUSD,0.0047,0.0047,0.0047,0.0047,0,0
1593734400,2020-07-03,XVGUSD,0.0047,0.0047,0.0047,0.0047,0,0
1593648000,2020-07-02,XVGUSD,0.0047,0.0047,0.0047,0.0047,0,0
1593561600,2020-07-01,XVGUSD,0.0047,0.0047,0.0047,0.0047,0,0
1593475200,2020-06-30,XVGUSD,0.0047,0.0047,0.0047,0.0047,0,0
1593388800,2020-06-29,XVGUSD,0.0047,0.0047,0.0047,0.0047,6431.04,30.23
1593302400,2020-06-28,XVGUSD,0.0047,0.0047,0.0047,0.0047,4267.83,20.06
1593216000,2020-06-27,XVGUSD,0.0047,0.0047,0.0047,0.0047,46.44,0.2183
1593129600,2020-06-26,XVGUSD,0.004658,0.004704,0.004658,0.0047,11808.87,55.52
1593043200,2020-06-25,XVGUSD,0.004668,0.005214,0.004658,0.004658,3369.14,15.73
1592956800,2020-06-24,XVGUSD,0.004599,0.005214,0.004599,0.004668,130.9,0.6307
1592870400,2020-06-23,XVGUSD,0.00468,0.005241,0.004368,0.004599,6724.07,30.26
1592784000,2020-06-22,XVGUSD,0.004946,0.00558,0.00468,0.00468,11374.07,56.1
1592697600,2020-06-21,XVGUSD,0.00507,0.005675,0.004946,0.004946,8104.28,40.21
1592611200,2020-06-20,XVGUSD,0.005304,0.00649,0.005,0.00507,46065.78,256.17
1592524800,2020-06-19,XVGUSD,0.005316,0.006639,0.005236,0.005304,24497.71,134.75
1592438400,2020-06-18,XVGUSD,0.005346,0.006639,0.005316,0.005316,8206.48,52.43
1592352000,2020-06-17,XVGUSD,0.0056,0.005678,0.00401,0.005346,33764.91,174.82
1592265600,2020-06-16,XVGUSD,0.005,0.007114,0.004388,0.0056,128584.17,732.38
1592179200,2020-06-15,XVGUSD,0.00403,0.006,0.00403,0.005,50700.47,257.64
1592092800,2020-06-14,XVGUSD,0.004141,0.004141,0.00403,0.00403,343.9,1.413
1592006400,2020-06-13,XVGUSD,0.0039,0.00475,0.0039,0.004141,73491.03,316.57
1591920000,2020-06-12,XVGUSD,0.0042,0.0042,0.0039,0.0039,1200,4.68
1591833600,2020-06-11,XVGUSD,0.0042,0.0042,0.003776,0.0042,11855.61,47.06
1591747200,2020-06-10,XVGUSD,0.004,0.0042,0.003672,0.0042,169701.58,633.24
1591660800,2020-06-09,XVGUSD,0.004106,0.004106,0.004,0.004,15562.95,63.87
1591574400,2020-06-08,XVGUSD,0.004,0.004106,0.003666,0.004106,782.2,3.13
1591488000,2020-06-07,XVGUSD,0.0042,0.0042,0.003702,0.004,32808.61,130.85
1591401600,2020-06-06,XVGUSD,0.0033,0.0042,0.0033,0.0042,22709.63,90.43
1591315200,2020-06-05,XVGUSD,0.0036,0.0036,0.0033,0.0033,11022.3,39.6
1591228800,2020-06-04,XVGUSD,0.0033,0.0036,0.0033,0.0036,5908.5,21.24
1591142400,2020-06-03,XVGUSD,0.00334,0.00334,0.0033,0.0033,5609.75,18.55
1591056000,2020-06-02,XVGUSD,0.0036,0.0036,0.00334,0.00334,5233.32,17.81
1590969600,2020-06-01,XVGUSD,0.00333,0.0036,0.00333,0.0036,13640.23,48.67
1590883200,2020-05-31,XVGUSD,0.003439,0.003556,0.0033,0.00333,4074.54,13.82
1590796800,2020-05-30,XVGUSD,0.003439,0.003439,0.0034,0.003439,4861.12,16.56
1590710400,2020-05-29,XVGUSD,0.0031,0.003439,0.003045,0.003439,1256.95,4.031
1590624000,2020-05-28,XVGUSD,0.0031,0.0031,0.0031,0.0031,0,0
1590537600,2020-05-27,XVGUSD,0.003161,0.0032,0.0031,0.0031,218,0.6876
1590451200,2020-05-26,XVGUSD,0.003276,0.003439,0.003161,0.003161,1511.44,5.083
1590364800,2020-05-25,XVGUSD,0.00344,0.00344,0.00305,0.003276,42027.33,141.41
1590278400,2020-05-24,XVGUSD,0.00344,0.00344,0.00305,0.00344,46667.69,151.17
1590192000,2020-05-23,XVGUSD,0.0032,0.00344,0.00299,0.00344,41415.01,133.92
1590105600,2020-05-22,XVGUSD,0.0027,0.0033,0.0027,0.0032,10701.29,32.9
1590019200,2020-05-21,XVGUSD,0.00297,0.0033,0.0027,0.0027,11895.93,33.49
1589932800,2020-05-20,XVGUSD,0.00297,0.00297,0.00297,0.00297,0,0
1589846400,2020-05-19,XVGUSD,0.003236,0.003325,0.00297,0.00297,644.81,1.996
1589760000,2020-05-18,XVGUSD,0.00296,0.003236,0.00296,0.003236,62.45,0.202
1589673600,2020-05-17,XVGUSD,0.003326,0.003326,0.00296,0.00296,5644.14,18.08
1589587200,2020-05-16,XVGUSD,0.00304,0.003326,0.002789,0.003326,15895.71,48
1589500800,2020-05-15,XVGUSD,0.003255,0.003326,0.00304,0.00304,130956.07,431.69
1589414400,2020-05-14,XVGUSD,0.0031,0.003259,0.00295,0.003255,8371.58,26.57
1589328000,2020-05-13,XVGUSD,0.00285,0.0031,0.00285,0.0031,191402.09,570.83
1589241600,2020-05-12,XVGUSD,0.00315,0.00315,0.00285,0.00285,47241.01,138.8
1589155200,2020-05-11,XVGUSD,0.002789,0.00315,0.002789,0.00315,99639.25,310.27
1589068800,2020-05-10,XVGUSD,0.0032,0.003259,0.002776,0.002789,125776.53,370.29
1588982400,2020-05-09,XVGUSD,0.003151,0.003436,0.003151,0.0032,16002.85,51.63
1588896000,2020-05-08,XVGUSD,0.00311,0.003374,0.00311,0.003151,13655.16,43.2
1588809600,2020-05-07,XVGUSD,0.00335,0.003558,0.003025,0.00311,41906.98,145.35
1588723200,2020-05-06,XVGUSD,0.0031,0.003558,0.0031,0.00335,31724.36,106.94
1588636800,2020-05-05,XVGUSD,0.002831,0.003268,0.002831,0.0031,420.45,1.343
1588550400,2020-05-04,XVGUSD,0.00332,0.00332,0.002831,0.002831,2411.68,6.828
1588464000,2020-05-03,XVGUSD,0.003323,0.003323,0.002791,0.00332,15819.32,48.45
1588377600,2020-05-02,XVGUSD,0.002915,0.003323,0.002915,0.003323,26234.76,78.14
1588291200,2020-05-01,XVGUSD,0.002915,0.002915,0.002915,0.002915,0,0
1588204800,2020-04-30,XVGUSD,0.002782,0.0035,0.002782,0.002915,40939.02,124.89
1588118400,2020-04-29,XVGUSD,0.002641,0.003057,0.002641,0.002782,9185.03,27.87
1588032000,2020-04-28,XVGUSD,0.002705,0.003058,0.002641,0.002641,20485.22,56.54
1587945600,2020-04-27,XVGUSD,0.003058,0.003058,0.002695,0.002705,7929.45,23.54
1587859200,2020-04-26,XVGUSD,0.002688,0.003058,0.002688,0.003058,4213.28,12.19
1587772800,2020-04-25,XVGUSD,0.002695,0.002695,0.002688,0.002688,4808.73,12.93
1587686400,2020-04-24,XVGUSD,0.002764,0.002796,0.002695,0.002695,5950.74,16.15
1587600000,2020-04-23,XVGUSD,0.0026,0.002764,0.00255,0.002764,4130.64,11.4
1587513600,2020-04-22,XVGUSD,0.002478,0.002792,0.002478,0.0026,5792.18,15.96
1587427200,2020-04-21,XVGUSD,0.002601,0.002601,0.002478,0.002478,17344.72,44.37
1587340800,2020-04-20,XVGUSD,0.002599,0.002601,0.002599,0.002601,4046.03,10.52
1587254400,2020-04-19,XVGUSD,0.002883,0.0029,0.002599,0.002599,2802.47,7.75
1587168000,2020-04-18,XVGUSD,0.002796,0.002883,0.002584,0.002883,47384.39,133.51
1587081600,2020-04-17,XVGUSD,0.002796,0.002796,0.002796,0.002796,0,0
1586995200,2020-04-16,XVGUSD,0.002795,0.002796,0.002536,0.002796,1336.56,3.643
1586908800,2020-04-15,XVGUSD,0.002536,0.002795,0.002536,0.002795,6747.98,18.46
1586822400,2020-04-14,XVGUSD,0.002536,0.002536,0.002536,0.002536,400,1.014
1586736000,2020-04-13,XVGUSD,0.002548,0.002548,0.002536,0.002536,315.98,0.8013
1586649600,2020-04-12,XVGUSD,0.002548,0.002548,0.002548,0.002548,0,0
1586563200,2020-04-11,XVGUSD,0.002548,0.002548,0.002544,0.002548,2907.49,7.397
1586476800,2020-04-10,XVGUSD,0.002898,0.002898,0.002496,0.002548,7922.81,20.09
1586390400,2020-04-09,XVGUSD,0.0027,0.002899,0.002548,0.002898,13189.99,35.71
1586304000,2020-04-08,XVGUSD,0.002553,0.0027,0.002553,0.0027,12333.44,33.3
1586217600,2020-04-07,XVGUSD,0.0027,0.0027,0.002553,0.002553,1284.76,3.28
1586131200,2020-04-06,XVGUSD,0.002533,0.0027,0.00236,0.0027,3561,8.778
1586044800,2020-04-05,XVGUSD,0.002533,0.002533,0.002533,0.002533,0,0
1585958400,2020-04-04,XVGUSD,0.002532,0.002533,0.002532,0.002533,1106.66,2.804
1585872000,2020-04-03,XVGUSD,0.002532,0.002532,0.002532,0.002532,0,0
1585785600,2020-04-02,XVGUSD,0.002222,0.002532,0.002222,0.002532,37961.1,95.65
1585699200,2020-04-01,XVGUSD,0.0022,0.002222,0.0022,0.002222,510.16,1.134
1585612800,2020-03-31,XVGUSD,0.002452,0.002452,0.0022,0.0022,13827.92,30.66
1585526400,2020-03-30,XVGUSD,0.002494,0.002494,0.002231,0.002452,591.87,1.444
1585440000,2020-03-29,XVGUSD,0.002198,0.002494,0.002,0.002494,1384.69,3.225
1585353600,2020-03-28,XVGUSD,0.0024,0.00243,0.002198,0.002198,12746.17,30.12
1585267200,2020-03-27,XVGUSD,0.002456,0.002456,0.0024,0.0024,716.67,1.72
1585180800,2020-03-26,XVGUSD,0.002456,0.002456,0.002456,0.002456,0,0
1585094400,2020-03-25,XVGUSD,0.002496,0.003058,0.002456,0.002456,2663.64,6.655
1585008000,2020-03-24,XVGUSD,0.003058,0.003058,0.002496,0.002496,7082.46,17.89
1584921600,2020-03-23,XVGUSD,0.002323,0.003058,0.002323,0.003058,15284.61,41.38
1584835200,2020-03-22,XVGUSD,0.002331,0.002331,0.002323,0.002323,783.39,1.82
1584748800,2020-03-21,XVGUSD,0.002292,0.002331,0.002292,0.002331,969.83,2.244
1584662400,2020-03-20,XVGUSD,0.001992,0.002757,0.001992,0.002292,15952.21,38.56
1584576000,2020-03-19,XVGUSD,0.002072,0.002299,0.001992,0.001992,32970.81,72.58
1584489600,2020-03-18,XVGUSD,0.002012,0.00218,0.002012,0.002072,2703.13,5.801
1584403200,2020-03-17,XVGUSD,0.002284,0.002284,0.002012,0.002012,1428.91,3.044
1584316800,2020-03-16,XVGUSD,0.002166,0.002284,0.001931,0.002284,30820.98,66.73
1584230400,2020-03-15,XVGUSD,0.002071,0.002166,0.002071,0.002166,4165.21,9.021
1584144000,2020-03-14,XVGUSD,0.002787,0.002787,0.002071,0.002071,7658.57,16.5
1584057600,2020-03-13,XVGUSD,0.002362,0.002787,0.002,0.002787,33561.99,78.3
1583971200,2020-03-12,XVGUSD,0.003,0.003,0.002362,0.002362,42444.58,111.83
1583884800,2020-03-11,XVGUSD,0.00315,0.00315,0.003,0.003,1061.11,3.197
1583798400,2020-03-10,XVGUSD,0.00315,0.00315,0.003,0.00315,6709.13,20.33
1583712000,2020-03-09,XVGUSD,0.003422,0.003422,0.00297,0.00315,34194.34,107.81
1583625600,2020-03-08,XVGUSD,0.003644,0.003644,0.003422,0.003422,19418.27,67.93
1583539200,2020-03-07,XVGUSD,0.00383,0.00383,0.003644,0.003644,75.9,0.2766
1583452800,2020-03-06,XVGUSD,0.00383,0.00383,0.00383,0.00383,0,0
1583366400,2020-03-05,XVGUSD,0.003644,0.00383,0.003644,0.00383,9382.77,34.32
1583280000,2020-03-04,XVGUSD,0.003644,0.003644,0.003644,0.003644,0,0
1583193600,2020-03-03,XVGUSD,0.003644,0.003813,0.003644,0.003644,23828.92,90.37
1583107200,2020-03-02,XVGUSD,0.0037,0.003719,0.003644,0.003644,6870.11,25.16
1583020800,2020-03-01,XVGUSD,0.0037,0.003848,0.0037,0.0037,6305.66,23.62
1582934400,2020-02-29,XVGUSD,0.003822,0.00392,0.0037,0.0037,465.53,1.729
1582848000,2020-02-28,XVGUSD,0.00377,0.003822,0.00377,0.003822,230.46,0.8807
1582761600,2020-02-27,XVGUSD,0.0039,0.004027,0.00377,0.00377,1121.22,4.341
1582675200,2020-02-26,XVGUSD,0.004,0.00424,0.0039,0.0039,8675.03,34.76
1582588800,2020-02-25,XVGUSD,0.004242,0.004242,0.004,0.004,29366.24,120.62
1582502400,2020-02-24,XVGUSD,0.004245,0.004451,0.004242,0.004242,2647.33,11.39
1582416000,2020-02-23,XVGUSD,0.0042,0.004511,0.0042,0.004245,16385.52,70.24
1582329600,2020-02-22,XVGUSD,0.004204,0.004204,0.0042,0.0042,9566.98,40.18
1582243200,2020-02-21,XVGUSD,0.0042,0.004444,0.0042,0.004204,247.8,1.07
1582156800,2020-02-20,XVGUSD,0.004399,0.0045,0.00413,0.0042,7943.19,35.19
1582070400,2020-02-19,XVGUSD,0.00448,0.004559,0.004118,0.004399,517.62,2.311
1581984000,2020-02-18,XVGUSD,0.004108,0.00448,0.004108,0.00448,190.67,0.8542
1581897600,2020-02-17,XVGUSD,0.004781,0.004781,0.004108,0.004108,9987.26,42.47
1581811200,2020-02-16,XVGUSD,0.0045,0.004859,0.004,0.004781,17467.15,79.18
1581724800,2020-02-15,XVGUSD,0.0048,0.004863,0.0045,0.0045,51649.37,245.61
1581638400,2020-02-14,XVGUSD,0.004353,0.0048,0.004353,0.0048,44177.01,195.21
1581552000,2020-02-13,XVGUSD,0.004349,0.004541,0.004349,0.004353,7804.38,34.43
1581465600,2020-02-12,XVGUSD,0.00456,0.004817,0.004349,0.004349,53572.08,239.94
1581379200,2020-02-11,XVGUSD,0.00463,0.00482,0.0044,0.00456,53889.1,251.29
1581292800,2020-02-10,XVGUSD,0.004533,0.00463,0.004349,0.00463,21985.37,99.12
1581206400,2020-02-09,XVGUSD,0.004347,0.004535,0.004347,0.004533,9268.54,41.15
1581120000,2020-02-08,XVGUSD,0.004345,0.004535,0.004345,0.004347,6753.37,30.6
1581033600,2020-02-07,XVGUSD,0.0043,0.004541,0.00407,0.004345,32094.68,138.72
1580947200,2020-02-06,XVGUSD,0.003981,0.0043,0.003932,0.0043,14738.23,61.78
1580860800,2020-02-05,XVGUSD,0.004245,0.004269,0.00397,0.003981,39422.2,159.25
1580774400,2020-02-04,XVGUSD,0.004106,0.004283,0.004061,0.004245,10486.89,43.75
1580688000,2020-02-03,XVGUSD,0.004077,0.0048,0.004077,0.004106,12719.56,54.52
1580601600,2020-02-02,XVGUSD,0.00392,0.004077,0.00392,0.004077,28693.86,114.85
1580515200,2020-02-01,XVGUSD,0.003876,0.00392,0.003728,0.00392,36584.7,141.72
1580428800,2020-01-31,XVGUSD,0.0038,0.00388,0.0038,0.003876,1834.37,7.037
1580342400,2020-01-30,XVGUSD,0.003671,0.0038,0.003671,0.0038,12925.05,48.24
1580256000,2020-01-29,XVGUSD,0.003662,0.0038,0.003662,0.003671,1837.14,6.773
1580169600,2020-01-28,XVGUSD,0.003525,0.003662,0.003525,0.003662,8408.14,30.01
1580083200,2020-01-27,XVGUSD,0.003512,0.003661,0.003512,0.003525,79238.8,279.12
1579996800,2020-01-26,XVGUSD,0.003422,0.003665,0.003422,0.003512,2386.83,8.442
1579910400,2020-01-25,XVGUSD,0.003595,0.003685,0.003422,0.003422,7259.86,26.39
1579824000,2020-01-24,XVGUSD,0.003618,0.003726,0.003595,0.003595,612.25,2.234
1579737600,2020-01-23,XVGUSD,0.003798,0.003798,0.003618,0.003618,531,1.922
1579651200,2020-01-22,XVGUSD,0.00375,0.003798,0.00375,0.003798,1053.14,4
1579564800,2020-01-21,XVGUSD,0.00375,0.00375,0.003617,0.00375,13490.98,49.29
1579478400,2020-01-20,XVGUSD,0.00375,0.00375,0.00375,0.00375,3036.15,11.39
1579392000,2020-01-19,XVGUSD,0.003699,0.004,0.003546,0.00375,18999.71,73.55
1579305600,2020-01-18,XVGUSD,0.003708,0.004,0.003691,0.003699,25884.67,97.12
1579219200,2020-01-17,XVGUSD,0.0036,0.00396,0.0036,0.003708,14685.24,54.42
1579132800,2020-01-16,XVGUSD,0.00396,0.00396,0.002898,0.0036,35430.07,127.96
1579046400,2020-01-15,XVGUSD,0.003325,0.00396,0.003325,0.00396,23034.55,88.49
1578960000,2020-01-14,XVGUSD,0.003393,0.00361,0.003271,0.003325,10583.07,36.82
1578873600,2020-01-13,XVGUSD,0.003387,0.003393,0.003387,0.003393,142.3,0.4826
1578787200,2020-01-12,XVGUSD,0.00332,0.003454,0.00332,0.003387,4248.46,14.24
1578700800,2020-01-11,XVGUSD,0.003098,0.00332,0.003098,0.00332,52026.78,169.59
1578614400,2020-01-10,XVGUSD,0.003155,0.003155,0.003098,0.003098,116,0.3594
1578528000,2020-01-09,XVGUSD,0.003155,0.003155,0.003155,0.003155,0,0
1578441600,2020-01-08,XVGUSD,0.00332,0.00334,0.003155,0.003155,9156.52,29.04
1578355200,2020-01-07,XVGUSD,0.00314,0.00332,0.00314,0.00332,12359.01,40.33
1578268800,2020-01-06,XVGUSD,0.002988,0.003261,0.002988,0.00314,2016.08,6.371
1578182400,2020-01-05,XVGUSD,0.002907,0.003182,0.002907,0.002988,10917.36,32.48
1578096000,2020-01-04,XVGUSD,0.002916,0.003182,0.002907,0.002907,531.72,1.554
1578009600,2020-01-03,XVGUSD,0.003086,0.003182,0.002913,0.002916,479.99,1.416
1577923200,2020-01-02,XVGUSD,0.002708,0.003086,0.002708,0.003086,3175.9,9.226
1577836800,2020-01-01,XVGUSD,0.002665,0.002913,0.002665,0.002708,6973.87,20.08
1577750400,2019-12-31,XVGUSD,0.003109,0.003125,0.002665,0.002665,18868.73,55.56
1577664000,2019-12-30,XVGUSD,0.002915,0.003109,0.002764,0.003109,43821.25,128.42
1577577600,2019-12-29,XVGUSD,0.003113,0.003113,0.002915,0.002915,1044.24,3.044
1577491200,2019-12-28,XVGUSD,0.003032,0.003115,0.002914,0.003113,956.18,2.887
1577404800,2019-12-27,XVGUSD,0.002912,0.003032,0.002912,0.003032,4423.58,13.38
1577318400,2019-12-26,XVGUSD,0.002912,0.003018,0.002912,0.002912,1748,5.125
1577232000,2019-12-25,XVGUSD,0.002922,0.002922,0.002912,0.002912,9292.78,27.14
1577145600,2019-12-24,XVGUSD,0.003013,0.0031,0.002922,0.002922,3844.15,11.76
1577059200,2019-12-23,XVGUSD,0.002924,0.003158,0.002924,0.003013,5178.3,15.63
1576972800,2019-12-22,XVGUSD,0.002942,0.00303,0.002924,0.002924,6799.03,19.93
1576886400,2019-12-21,XVGUSD,0.002915,0.003083,0.002915,0.002942,3622.73,11.1
1576800000,2019-12-20,XVGUSD,0.002914,0.002915,0.002914,0.002915,1510.56,4.404
1576713600,2019-12-19,XVGUSD,0.003,0.003,0.002914,0.002914,1106.64,3.226
1576627200,2019-12-18,XVGUSD,0.003,0.003,0.002914,0.003,4062.79,12.05
1576540800,2019-12-17,XVGUSD,0.002914,0.003037,0.002914,0.003,5309.3,16.11
1576454400,2019-12-16,XVGUSD,0.003008,0.0031,0.002914,0.002914,13895.47,41.68
1576368000,2019-12-15,XVGUSD,0.003272,0.003272,0.002955,0.003008,25909.18,82.58
1576281600,2019-12-14,XVGUSD,0.003284,0.003284,0.00297,0.003272,14921.83,45.35
1576195200,2019-12-13,XVGUSD,0.003304,0.003304,0.003052,0.003284,9499.85,29.52
1576108800,2019-12-12,XVGUSD,0.0032,0.003304,0.003,0.003304,57610.93,178.58
1576022400,2019-12-11,XVGUSD,0.0033,0.003401,0.003151,0.0032,140240.27,459.01
1575936000,2019-12-10,XVGUSD,0.0033,0.0033,0.00326,0.0033,16978.6,55.37
1575849600,2019-12-09,XVGUSD,0.003173,0.003315,0.003173,0.0033,10972.53,35.36
1575763200,2019-12-08,XVGUSD,0.003173,0.003173,0.003173,0.003173,0,0
1575676800,2019-12-07,XVGUSD,0.00346,0.00346,0.003168,0.003173,361.04,1.144
1575590400,2019-12-06,XVGUSD,0.003282,0.003555,0.003165,0.00346,13076.93,44.55
1575504000,2019-12-05,XVGUSD,0.003128,0.003282,0.003128,0.003282,2136.69,6.935
1575417600,2019-12-04,XVGUSD,0.003294,0.003294,0.003128,0.003128,40344.13,129.81
1575331200,2019-12-03,XVGUSD,0.003178,0.003294,0.003178,0.003294,36244.97,119.25
1575244800,2019-12-02,XVGUSD,0.003178,0.003178,0.003178,0.003178,0,0
1575158400,2019-12-01,XVGUSD,0.0034,0.003493,0.003178,0.003178,2824.24,9.403
1575072000,2019-11-30,XVGUSD,0.003543,0.003543,0.0034,0.0034,3965.12,13.48
1574985600,2019-11-29,XVGUSD,0.003338,0.003543,0.003338,0.003543,821.06,2.892
1574899200,2019-11-28,XVGUSD,0.003333,0.003589,0.003321,0.003338,105987.11,360.14
1574812800,2019-11-27,XVGUSD,0.003225,0.003434,0.003225,0.003333,4054.55,13.81
1574726400,2019-11-26,XVGUSD,0.00331,0.003434,0.003225,0.003225,1848.78,6.099
1574640000,2019-11-25,XVGUSD,0.003426,0.003434,0.003224,0.00331,20317.43,66.8
1574553600,2019-11-24,XVGUSD,0.003277,0.003466,0.003241,0.003426,5296.86,17.33
1574467200,2019-11-23,XVGUSD,0.003469,0.003511,0.003275,0.003277,354041.58,1201.31
1574380800,2019-11-22,XVGUSD,0.003637,0.003637,0.003233,0.003469,26628.2,92.46
1574294400,2019-11-21,XVGUSD,0.003899,0.003899,0.003637,0.003637,11936.01,43.43
1574208000,2019-11-20,XVGUSD,0.00364,0.004068,0.00364,0.003899,24819.7,91.33
1574121600,2019-11-19,XVGUSD,0.00364,0.00402,0.00364,0.00364,182.52,0.674
1574035200,2019-11-18,XVGUSD,0.003936,0.004002,0.00364,0.00364,97996.94,365.01
1573948800,2019-11-17,XVGUSD,0.004556,0.00456,0.003936,0.003936,8726.27,36.86
1573862400,2019-11-16,XVGUSD,0.004195,0.0046,0.004195,0.004556,76593.13,334.63
1573776000,2019-11-15,XVGUSD,0.004219,0.0048,0.004,0.004195,85417.5,379.1
1573689600,2019-11-14,XVGUSD,0.003884,0.004219,0.003676,0.004219,45906.68,191.34
1573603200,2019-11-13,XVGUSD,0.003733,0.003884,0.003733,0.003884,27.04,0.105
1573516800,2019-11-12,XVGUSD,0.003733,0.003733,0.003733,0.003733,0,0
1573430400,2019-11-11,XVGUSD,0.003979,0.003979,0.003733,0.003733,7725.46,29.22
1573344000,2019-11-10,XVGUSD,0.003654,0.003979,0.003654,0.003979,625.66,2.452
1573257600,2019-11-09,XVGUSD,0.003654,0.003654,0.003654,0.003654,0,0
1573171200,2019-11-08,XVGUSD,0.003903,0.004102,0.003654,0.003654,41727.58,153.91
1573084800,2019-11-07,XVGUSD,0.003901,0.003915,0.003901,0.003903,6246.14,24.39
1572998400,2019-11-06,XVGUSD,0.00393,0.004257,0.003901,0.003901,25097.28,106.29
1572912000,2019-11-05,XVGUSD,0.004157,0.004157,0.003902,0.00393,1650.01,6.487
1572825600,2019-11-04,XVGUSD,0.004129,0.004157,0.003906,0.004157,403.84,1.607
1572739200,2019-11-03,XVGUSD,0.004,0.004129,0.003901,0.004129,37540.44,150.85
1572652800,2019-11-02,XVGUSD,0.003901,0.004,0.0039,0.004,2495.62,9.776
1572566400,2019-11-01,XVGUSD,0.004,0.004,0.003901,0.003901,6573.65,26.03
1572480000,2019-10-31,XVGUSD,0.0039,0.004,0.0039,0.004,8416.34,33.37
1572393600,2019-10-30,XVGUSD,0.00453,0.00453,0.0039,0.0039,171,0.667
1572307200,2019-10-29,XVGUSD,0.003888,0.00453,0.003888,0.00453,100,0.453
1572220800,2019-10-28,XVGUSD,0.004,0.004288,0.003888,0.003888,13166.16,51.56
1572134400,2019-10-27,XVGUSD,0.0048,0.0048,0.0038,0.004,8277.51,33.14
1572048000,2019-10-26,XVGUSD,0.003545,0.0048,0.003545,0.0048,122765.38,471.97
1571961600,2019-10-25,XVGUSD,0.003273,0.0037,0.003273,0.003545,17504.2,61.22
1571875200,2019-10-24,XVGUSD,0.0036,0.003725,0.003273,0.003273,19252.47,66.69
1571788800,2019-10-23,XVGUSD,0.003783,0.003783,0.0036,0.0036,41826.8,155.59
1571702400,2019-10-22,XVGUSD,0.003837,0.003837,0.0036,0.003783,16029.52,58.57
1571616000,2019-10-21,XVGUSD,0.003844,0.003844,0.003672,0.003837,14136.65,52.67
1571529600,2019-10-20,XVGUSD,0.00369,0.003844,0.00364,0.003844,50838.29,187.44
1571443200,2019-10-19,XVGUSD,0.003691,0.003777,0.00369,0.00369,26993.47,99.86
1571356800,2019-10-18,XVGUSD,0.0038,0.0038,0.00369,0.003691,77613.32,293.53
1571270400,2019-10-17,XVGUSD,0.0038,0.0038,0.00368,0.0038,6376.58,23.84
1571184000,2019-10-16,XVGUSD,0.004074,0.004074,0.00368,0.0038,64540.48,251.17
1571097600,2019-10-15,XVGUSD,0.003951,0.004075,0.00392,0.004074,11311.2,45.27
1571011200,2019-10-14,XVGUSD,0.003745,0.004077,0.003745,0.003951,12319.64,48.45
1570924800,2019-10-13,XVGUSD,0.003881,0.0039,0.003745,0.003745,6604.49,25.35
1570838400,2019-10-12,XVGUSD,0.003746,0.003881,0.003746,0.003881,74.9,0.2907
1570752000,2019-10-11,XVGUSD,0.003704,0.003912,0.003689,0.003746,14039.61,51.97
1570665600,2019-10-10,XVGUSD,0.003993,0.003993,0.003704,0.003704,5863.93,21.97
1570579200,2019-10-09,XVGUSD,0.003902,0.003993,0.003814,0.003993,3146.46,12.23
1570492800,2019-10-08,XVGUSD,0.003825,0.003902,0.00368,0.003902,1003.56,3.802
1570406400,2019-10-07,XVGUSD,0.003535,0.003825,0.003535,0.003825,10815.1,40.03
1570320000,2019-10-06,XVGUSD,0.003684,0.00386,0.003535,0.003535,85199.44,308.78
1570233600,2019-10-05,XVGUSD,0.003684,0.003684,0.003684,0.003684,6137.48,22.61
1570147200,2019-10-04,XVGUSD,0.003684,0.003684,0.003684,0.003684,365.49,1.346
1570060800,2019-10-03,XVGUSD,0.004077,0.004077,0.003684,0.003684,96,0.3673
1569974400,2019-10-02,XVGUSD,0.003697,0.004077,0.003644,0.004077,21751.81,79.73
1569888000,2019-10-01,XVGUSD,0.00382,0.00404,0.003646,0.003697,42588.75,165
1569801600,2019-09-30,XVGUSD,0.003668,0.00382,0.003586,0.00382,15569.22,57.04
1569715200,2019-09-29,XVGUSD,0.003714,0.003714,0.003668,0.003668,3255.57,11.98
1569628800,2019-09-28,XVGUSD,0.003669,0.003982,0.003669,0.003714,17714.53,67.1
1569542400,2019-09-27,XVGUSD,0.003671,0.003671,0.003669,0.003669,878.07,3.221
1569456000,2019-09-26,XVGUSD,0.00366,0.004129,0.00366,0.003671,49014.12,197.62
1569369600,2019-09-25,XVGUSD,0.0041,0.004243,0.003656,0.00366,14456.5,58.5
1569283200,2019-09-24,XVGUSD,0.004472,0.004472,0.0041,0.0041,74656.81,310.47
1569196800,2019-09-23,XVGUSD,0.00452,0.004597,0.004472,0.004472,18609.92,84.01
1569110400,2019-09-22,XVGUSD,0.004657,0.004894,0.00452,0.00452,24205.46,114.65
1569024000,2019-09-21,XVGUSD,0.0052,0.0052,0.004657,0.004657,1000,4.657
1568937600,2019-09-20,XVGUSD,0.004753,0.00527,0.004655,0.0052,6044.65,30.33
1568851200,2019-09-19,XVGUSD,0.004854,0.004854,0.004753,0.004753,4207.19,20.23
1568764800,2019-09-18,XVGUSD,0.00477,0.005466,0.00477,0.004854,5056.96,24.32
1568678400,2019-09-17,XVGUSD,0.004521,0.00477,0.004521,0.00477,1962.21,9.261
1568592000,2019-09-16,XVGUSD,0.004521,0.004521,0.004521,0.004521,132.72,0.6
1568505600,2019-09-15,XVGUSD,0.004632,0.004632,0.004521,0.004521,6409.71,28.98
1568419200,2019-09-14,XVGUSD,0.004538,0.004641,0.004521,0.004632,5321.55,24.41
1568332800,2019-09-13,XVGUSD,0.004704,0.004704,0.004538,0.004538,3347.21,15.22
1568246400,2019-09-12,XVGUSD,0.004545,0.004718,0.004536,0.004704,8273.44,38.55
1568160000,2019-09-11,XVGUSD,0.004687,0.0048,0.004536,0.004545,15634.23,72.73
1568073600,2019-09-10,XVGUSD,0.0048,0.0048,0.004677,0.004687,16820.63,79.82
1567987200,2019-09-09,XVGUSD,0.00452,0.0048,0.00452,0.0048,9369.27,44.11
1567900800,2019-09-08,XVGUSD,0.004554,0.004902,0.00452,0.00452,65831.37,301.87
1567814400,2019-09-07,XVGUSD,0.00457,0.004629,0.004517,0.004554,3981.74,18.07
1567728000,2019-09-06,XVGUSD,0.004593,0.004699,0.00457,0.00457,4109.43,19.26
1567641600,2019-09-05,XVGUSD,0.0047,0.0047,0.004593,0.004593,5994.04,27.66
1567555200,2019-09-04,XVGUSD,0.0048,0.004809,0.0047,0.0047,21632.74,102.64
1567468800,2019-09-03,XVGUSD,0.0047,0.004814,0.0047,0.0048,32123.25,153.26
1567382400,2019-09-02,XVGUSD,0.004821,0.004821,0.0047,0.0047,3877.75,18.37
1567296000,2019-09-01,XVGUSD,0.00481,0.005,0.004689,0.004821,18662.36,91.66
1567209600,2019-08-31,XVGUSD,0.004685,0.00481,0.004685,0.00481,960,4.618
1567123200,2019-08-30,XVGUSD,0.004839,0.004839,0.004685,0.004685,455.54,2.135
1567036800,2019-08-29,XVGUSD,0.004875,0.004875,0.004687,0.004839,1922.82,9.038
1566950400,2019-08-28,XVGUSD,0.005126,0.005492,0.004875,0.004875,38345.27,194.4
1566864000,2019-08-27,XVGUSD,0.00533,0.005668,0.005126,0.005126,4189.48,22.4
1566777600,2019-08-26,XVGUSD,0.005599,0.0056,0.00533,0.00533,5076.72,28.28
1566691200,2019-08-25,XVGUSD,0.005366,0.0056,0.005263,0.005599,11054.3,61.35
1566604800,2019-08-24,XVGUSD,0.005366,0.005736,0.005366,0.005366,4028.1,22.45
1566518400,2019-08-23,XVGUSD,0.005046,0.005366,0.005046,0.005366,5053.5,26.92
1566432000,2019-08-22,XVGUSD,0.005097,0.005641,0.005046,0.005046,16987.23,87.22
1566345600,2019-08-21,XVGUSD,0.005369,0.005369,0.005014,0.005097,6405.68,32.97
1566259200,2019-08-20,XVGUSD,0.005663,0.005663,0.005304,0.005369,4949.56,26.48
1566172800,2019-08-19,XVGUSD,0.005597,0.005679,0.005597,0.005663,1201.49,6.753
1566086400,2019-08-18,XVGUSD,0.005232,0.008759,0.005232,0.005597,67337.97,395.23
1566000000,2019-08-17,XVGUSD,0.005076,0.005475,0.004947,0.005232,95327.71,518.01
1565913600,2019-08-16,XVGUSD,0.0048,0.005146,0.00475,0.005076,28925.08,142.95
1565827200,2019-08-15,XVGUSD,0.005304,0.005304,0.0048,0.0048,27464.83,137.21
1565740800,2019-08-14,XVGUSD,0.005304,0.005816,0.005304,0.005304,49869.19,281.24
1565654400,2019-08-13,XVGUSD,0.005702,0.005844,0.005304,0.005304,18970.55,105.06
1565568000,2019-08-12,XVGUSD,0.005702,0.005702,0.005702,0.005702,0,0
1565481600,2019-08-11,XVGUSD,0.005518,0.005702,0.005518,0.005702,4965.26,28.31
1565395200,2019-08-10,XVGUSD,0.005795,0.005795,0.005503,0.005518,5520.92,30.45
1565308800,2019-08-09,XVGUSD,0.00568,0.0058,0.005556,0.005795,37567.57,216.48
1565222400,2019-08-08,XVGUSD,0.006,0.00635,0.00568,0.00568,16290.5,96.13
1565136000,2019-08-07,XVGUSD,0.006,0.0062,0.005799,0.006,43655.86,262.94
1565049600,2019-08-06,XVGUSD,0.005933,0.006306,0.0058,0.006,32637.24,194.83
1564963200,2019-08-05,XVGUSD,0.006509,0.006509,0.005883,0.005933,3082.27,18.55
1564876800,2019-08-04,XVGUSD,0.00596,0.00651,0.005682,0.006509,42613.7,261.33
1564790400,2019-08-03,XVGUSD,0.005902,0.00596,0.005902,0.00596,102.57,0.6113
1564704000,2019-08-02,XVGUSD,0.005854,0.006465,0.005831,0.005902,23076.39,140.33
1564617600,2019-08-01,XVGUSD,0.006321,0.006818,0.0058,0.005854,59799.46,383.18
1564531200,2019-07-31,XVGUSD,0.005979,0.006336,0.005979,0.006321,15947.4,98.92
1564444800,2019-07-30,XVGUSD,0.006459,0.006459,0.005827,0.005979,67157.36,406.94
1564358400,2019-07-29,XVGUSD,0.006021,0.006459,0.005902,0.006459,36360.37,216.13
1564272000,2019-07-28,XVGUSD,0.00626,0.006445,0.006021,0.006021,6951.46,43.09
1564185600,2019-07-27,XVGUSD,0.006526,0.006526,0.00626,0.00626,39218.09,251.89
1564099200,2019-07-26,XVGUSD,0.006351,0.006844,0.006101,0.006526,92103.94,590.48
1564012800,2019-07-25,XVGUSD,0.0061,0.006495,0.0061,0.006351,20123.25,128.3
1563926400,2019-07-24,XVGUSD,0.006418,0.006517,0.0061,0.0061,28618.06,180.4
1563840000,2019-07-23,XVGUSD,0.006521,0.0088,0.006363,0.006418,42260.47,280.33
1563753600,2019-07-22,XVGUSD,0.006364,0.006521,0.006364,0.006521,16154.34,104.84
1563667200,2019-07-21,XVGUSD,0.006601,0.00677,0.006294,0.006364,12305.79,80.56
1563580800,2019-07-20,XVGUSD,0.0065,0.008739,0.0065,0.006601,53259.34,381.69
1563494400,2019-07-19,XVGUSD,0.006227,0.006509,0.006227,0.0065,4953.94,31.65
1563408000,2019-07-18,XVGUSD,0.006111,0.006509,0.00595,0.006227,65702.78,398.86
1563321600,2019-07-17,XVGUSD,0.006422,0.006422,0.005812,0.006111,78746.8,472.87
1563235200,2019-07-16,XVGUSD,0.006548,0.00687,0.005857,0.006422,34172.52,221.55
1563148800,2019-07-15,XVGUSD,0.007186,0.007186,0.006308,0.006548,55299.49,363.63
1563062400,2019-07-14,XVGUSD,0.0073,0.007457,0.0068,0.007186,72754.67,517.59
1562976000,2019-07-13,XVGUSD,0.007473,0.007543,0.0073,0.0073,6533.24,47.89
1562889600,2019-07-12,XVGUSD,0.00745,0.007539,0.007273,0.007473,3906.63,28.85
1562803200,2019-07-11,XVGUSD,0.007473,0.008184,0.00731,0.00745,113966.67,883.3
1562716800,2019-07-10,XVGUSD,0.007817,0.008177,0.007473,0.007473,103909.26,804.43
1562630400,2019-07-09,XVGUSD,0.008231,0.008691,0.0078,0.007817,17869.82,143.44
1562544000,2019-07-08,XVGUSD,0.00815,0.008231,0.00773,0.008231,16437.04,133.4
1562457600,2019-07-07,XVGUSD,0.008,0.008363,0.007948,0.00815,69796.6,566.1
1562371200,2019-07-06,XVGUSD,0.008,0.008249,0.007696,0.008,31593.72,253.18
1562284800,2019-07-05,XVGUSD,0.008109,0.008436,0.008,0.008,103322.67,848.75
1562198400,2019-07-04,XVGUSD,0.008494,0.008494,0.008059,0.008109,73418.45,596.87
1562112000,2019-07-03,XVGUSD,0.00827,0.008741,0.008089,0.008494,18840.41,161.77
1562025600,2019-07-02,XVGUSD,0.008239,0.008531,0.008036,0.00827,68497.17,561.48
1561939200,2019-07-01,XVGUSD,0.008518,0.008984,0.008239,0.008239,18841.89,160.98
1561852800,2019-06-30,XVGUSD,0.008462,0.009021,0.008462,0.008518,4016.94,34.62
1561766400,2019-06-29,XVGUSD,0.0089,0.00902,0.00846,0.008462,15657.19,134.91
1561680000,2019-06-28,XVGUSD,0.008056,0.009,0.008056,0.0089,93287.36,787.18
1561593600,2019-06-27,XVGUSD,0.009407,0.009699,0.008056,0.008056,137549.2,1246.43
1561507200,2019-06-26,XVGUSD,0.009396,0.01036,0.009317,0.009407,151961.01,1485.53
1561420800,2019-06-25,XVGUSD,0.009331,0.009894,0.009276,0.009396,83461.16,797.71
1561334400,2019-06-24,XVGUSD,0.009663,0.009894,0.009256,0.009331,130238.62,1226.79
1561248000,2019-06-23,XVGUSD,0.009406,0.01084,0.009361,0.009663,130942.81,1320.61
1561161600,2019-06-22,XVGUSD,0.00916,0.009778,0.00914,0.009406,153380.13,1456.89
1561075200,2019-06-21,XVGUSD,0.009161,0.009578,0.00916,0.00916,30544.99,281.52
1560988800,2019-06-20,XVGUSD,0.00959,0.00965,0.009161,0.009161,70680.73,669.3
1560902400,2019-06-19,XVGUSD,0.00944,0.00959,0.009154,0.00959,15731.54,146.56
1560816000,2019-06-18,XVGUSD,0.009329,0.00944,0.009154,0.00944,22348.9,208.79
1560729600,2019-06-17,XVGUSD,0.0095,0.0095,0.009215,0.009329,48489.48,452.12
1560643200,2019-06-16,XVGUSD,0.009384,0.0095,0.0092,0.0095,76525.01,717.85
1560556800,2019-06-15,XVGUSD,0.0094,0.00965,0.00915,0.009384,31805.47,302.06
1560470400,2019-06-14,XVGUSD,0.009663,0.009663,0.0091,0.0094,56914.46,527.46
1560384000,2019-06-13,XVGUSD,0.009832,0.009832,0.009307,0.009663,99099.92,949.97
1560297600,2019-06-12,XVGUSD,0.009657,0.01003,0.009397,0.009832,90348.02,864.73
1560211200,2019-06-11,XVGUSD,0.009388,0.01105,0.009132,0.009657,197849.71,1851.76
1560124800,2019-06-10,XVGUSD,0.008922,0.0096,0.008847,0.009388,465483.16,4299.41
1560038400,2019-06-09,XVGUSD,0.009411,0.00957,0.008922,0.008922,37131.47,341.42
1559952000,2019-06-08,XVGUSD,0.009619,0.009731,0.009264,0.009411,40983.53,384.54
1559865600,2019-06-07,XVGUSD,0.00929,0.009998,0.009165,0.009619,214879.4,2057.91
1559779200,2019-06-06,XVGUSD,0.008835,0.009508,0.008772,0.00929,147084,1316.63
1559692800,2019-06-05,XVGUSD,0.008768,0.009575,0.008717,0.008835,226476.3,2019.39
1559606400,2019-06-04,XVGUSD,0.0097,0.0097,0.008713,0.008768,111583.98,1001.73
1559520000,2019-06-03,XVGUSD,0.01071,0.01071,0.0097,0.0097,13103.11,130.52
1559433600,2019-06-02,XVGUSD,0.01035,0.01071,0.01007,0.01071,59396.71,612.63
1559347200,2019-06-01,XVGUSD,0.01021,0.011,0.01,0.01035,67905.13,698.76
1559260800,2019-05-31,XVGUSD,0.01019,0.01116,0.0096,0.01021,306518.05,3310.26
1559174400,2019-05-30,XVGUSD,0.01069,0.0109,0.01019,0.01019,109275.64,1160.62
1559088000,2019-05-29,XVGUSD,0.0109,0.0109,0.01021,0.01069,60098.84,630.65
1559001600,2019-05-28,XVGUSD,0.01109,0.01109,0.01044,0.0109,39316.92,422.35
1558915200,2019-05-27,XVGUSD,0.01157,0.01159,0.01065,0.01109,30281.4,328.32
1558828800,2019-05-26,XVGUSD,0.01081,0.01157,0.01042,0.01157,26314.78,283.62
1558742400,2019-05-25,XVGUSD,0.01067,0.01139,0.01067,0.01081,52280.61,571.99
1558656000,2019-05-24,XVGUSD,0.01109,0.0116,0.01067,0.01067,21068.83,233.15
1558569600,2019-05-23,XVGUSD,0.01097,0.01165,0.01042,0.01109,130961.38,1445.1
1558483200,2019-05-22,XVGUSD,0.01041,0.01165,0.0104,0.01097,78707.96,865.08
1558396800,2019-05-21,XVGUSD,0.01032,0.011,0.01001,0.01041,97387.75,1038.63
1558310400,2019-05-20,XVGUSD,0.01096,0.01107,0.01021,0.01032,83505.13,887.65
1558224000,2019-05-19,XVGUSD,0.0093,0.01119,0.008594,0.01096,79805.01,818.47
1558137600,2019-05-18,XVGUSD,0.0098,0.00996,0.009121,0.0093,107355.31,1015.29
1558051200,2019-05-17,XVGUSD,0.0115,0.0115,0.0086,0.0098,830649.03,7791.73
1557964800,2019-05-16,XVGUSD,0.0103,0.01221,0.009408,0.0115,263282.66,2934.62
1557878400,2019-05-15,XVGUSD,0.008089,0.0103,0.007556,0.0103,346901.44,3114.04
1557792000,2019-05-14,XVGUSD,0.0072,0.008089,0.0072,0.008089,154760.7,1205.37
1557705600,2019-05-13,XVGUSD,0.007174,0.008067,0.007174,0.0072,44245.59,325.46
1557619200,2019-05-12,XVGUSD,0.00765,0.00775,0.007157,0.007174,300261.83,2243.31
1557532800,2019-05-11,XVGUSD,0.007002,0.00765,0.00685,0.00765,26566.49,195.53
1557446400,2019-05-10,XVGUSD,0.0066,0.007338,0.0066,0.007002,100102.31,671.89
1557360000,2019-05-09,XVGUSD,0.007009,0.007009,0.0066,0.0066,385204.06,2566.88
1557273600,2019-05-08,XVGUSD,0.007,0.007009,0.0068,0.007009,175578.47,1198.33
1557187200,2019-05-07,XVGUSD,0.00727,0.007446,0.007,0.007,63457.57,456.03
1557100800,2019-05-06,XVGUSD,0.00723,0.00746,0.007038,0.00727,124881.28,916.95
1557014400,2019-05-05,XVGUSD,0.007232,0.007392,0.0071,0.00723,76505.84,558.34
1556928000,2019-05-04,XVGUSD,0.007512,0.007746,0.00722,0.007232,75642,564.85
1556841600,2019-05-03,XVGUSD,0.007614,0.008,0.007252,0.007512,86200.19,653.68
1556755200,2019-05-02,XVGUSD,0.008096,0.008096,0.007614,0.007614,40175.89,308.13
1556668800,2019-05-01,XVGUSD,0.007741,0.00815,0.007703,0.008096,145297.65,1145.41
1556582400,2019-04-30,XVGUSD,0.00775,0.00815,0.007612,0.007741,61791.06,483.51
1556496000,2019-04-29,XVGUSD,0.0081,0.0082,0.00775,0.00775,115500.54,924.63
1556409600,2019-04-28,XVGUSD,0.008628,0.008871,0.0081,0.0081,77919.78,661.69
1556323200,2019-04-27,XVGUSD,0.008,0.008677,0.008,0.008628,24279.16,199.92
1556236800,2019-04-26,XVGUSD,0.0083,0.008699,0.008,0.008,97928.63,795.5
1556150400,2019-04-25,XVGUSD,0.0085,0.008795,0.008,0.0083,116148.84,979.17
1556064000,2019-04-24,XVGUSD,0.009401,0.009489,0.0085,0.0085,162725.96,1414.5
1555977600,2019-04-23,XVGUSD,0.009098,0.00991,0.008925,0.009401,99331.05,935.42
1555891200,2019-04-22,XVGUSD,0.008851,0.009487,0.008702,0.009098,24114.27,216.17
1555804800,2019-04-21,XVGUSD,0.008776,0.008931,0.0085,0.008851,61732.57,537.14
1555718400,2019-04-20,XVGUSD,0.008946,0.009386,0.008761,0.008776,45650.17,409.12
1555632000,2019-04-19,XVGUSD,0.008946,0.009487,0.008942,0.008946,15114.22,135.8
1555545600,2019-04-18,XVGUSD,0.009054,0.009224,0.008942,0.008946,26086.58,235.24
1555459200,2019-04-17,XVGUSD,0.00909,0.009229,0.008855,0.009054,60940.27,549.87
1555372800,2019-04-16,XVGUSD,0.008675,0.00909,0.008665,0.00909,176398.02,1556.32
1555286400,2019-04-15,XVGUSD,0.009219,0.009919,0.008674,0.008675,49767.25,439.33
1555200000,2019-04-14,XVGUSD,0.008952,0.012,0.008952,0.009033,121189.42,1188.69
1555113600,2019-04-13,XVGUSD,0.008955,0.009499,0.008952,0.008952,16274.31,153.12
1555027200,2019-04-12,XVGUSD,0.008931,0.009559,0.008706,0.008955,93989.54,829.31
1554940800,2019-04-11,XVGUSD,0.0102,0.01089,0.008749,0.008931,252390.1,2360.53
1554854400,2019-04-10,XVGUSD,0.01002,0.0104,0.009904,0.0102,97301.15,995.18
1554768000,2019-04-09,XVGUSD,0.01122,0.0118,0.009824,0.01002,353277.21,3686.41
1554681600,2019-04-08,XVGUSD,0.009928,0.01181,0.009856,0.01122,23152.02,246.39
1554595200,2019-04-07,XVGUSD,0.009,0.009928,0.009,0.009928,10008.57,97.39
1554508800,2019-04-06,XVGUSD,0.0091,0.009462,0.009,0.009,8106.57,75.46
1554422400,2019-04-05,XVGUSD,0.008962,0.009415,0.00868,0.0091,10364.39,93.61
1554336000,2019-04-04,XVGUSD,0.008887,0.009271,0.008429,0.008962,15579.31,136.8
1554249600,2019-04-03,XVGUSD,0.00841,0.009547,0.00815,0.008887,18039.04,160.53
1554163200,2019-04-02,XVGUSD,0.007504,0.00841,0.007504,0.00841,43912.4,361.2
1554076800,2019-04-01,XVGUSD,0.00771,0.007761,0.007501,0.007504,15302.07,117.41
1553990400,2019-03-31,XVGUSD,0.007376,0.00771,0.007208,0.00771,11090.3,84.9
1553904000,2019-03-30,XVGUSD,0.007377,0.007378,0.007126,0.007376,1771.21,12.86
1553817600,2019-03-29,XVGUSD,0.006912,0.007377,0.006912,0.007377,3735.54,26.95
1553731200,2019-03-28,XVGUSD,0.007427,0.007427,0.00685,0.006912,12755.71,91.78
1553644800,2019-03-27,XVGUSD,0.007121,0.007484,0.00703,0.007427,12611.64,90.8
1553558400,2019-03-26,XVGUSD,0.006949,0.007121,0.00685,0.007121,7651.45,53.07
1553472000,2019-03-25,XVGUSD,0.007166,0.007339,0.0069,0.006949,16827.69,118.65
1553385600,2019-03-24,XVGUSD,0.00736,0.007447,0.007166,0.007166,10533.05,77.24
1553299200,2019-03-23,XVGUSD,0.0075,0.0075,0.0073,0.00736,8679.03,64.12
1553212800,2019-03-22,XVGUSD,0.0073,0.007666,0.007166,0.0075,29368.21,222.06
1553126400,2019-03-21,XVGUSD,0.007395,0.0074,0.007183,0.0073,18230.48,134.03
1553040000,2019-03-20,XVGUSD,0.007294,0.0074,0.007136,0.007395,16274.1,119.02
1552953600,2019-03-19,XVGUSD,0.007228,0.007298,0.00707,0.007294,6142.8,44.28
1552867200,2019-03-18,XVGUSD,0.007391,0.007664,0.007228,0.007228,748.2,5.687
1552780800,2019-03-17,XVGUSD,0.007398,0.007398,0.007072,0.007391,1585.26,11.45
1552694400,2019-03-16,XVGUSD,0.00745,0.007641,0.007398,0.007398,172.44,1.298
1552608000,2019-03-15,XVGUSD,0.00716,0.007632,0.00716,0.00745,4124.33,30.66
1552521600,2019-03-14,XVGUSD,0.006798,0.00716,0.006798,0.00716,3645.93,25.72
1552435200,2019-03-13,XVGUSD,0.007044,0.007044,0.006796,0.006798,690.84,4.853
1552348800,2019-03-12,XVGUSD,0.006472,0.00692,0.006472,0.00692,8744.45,60.49
1552262400,2019-03-11,XVGUSD,0.006623,0.006818,0.006472,0.006472,5423.25,36.31
1552176000,2019-03-10,XVGUSD,0.006654,0.00694,0.006654,0.006779,1924.27,13.23
1552089600,2019-03-09,XVGUSD,0.006921,0.006985,0.006577,0.006654,11915.3,79.81
1552003200,2019-03-08,XVGUSD,0.00657,0.006921,0.006449,0.006921,1507.25,10.06
1551916800,2019-03-07,XVGUSD,0.00653,0.00657,0.006526,0.00657,7476.91,49.12
1551830400,2019-03-06,XVGUSD,0.00661,0.006985,0.00653,0.00653,1623.9,10.69
1551744000,2019-03-05,XVGUSD,0.00661,0.006803,0.006514,0.00661,3924.14,25.77
1551657600,2019-03-04,XVGUSD,0.0072,0.0072,0.006544,0.00661,2188.84,14.9
1551571200,2019-03-03,XVGUSD,0.006284,0.0072,0.006284,0.0072,1040.41,7.401
1551484800,2019-03-02,XVGUSD,0.006455,0.006455,0.00621,0.00621,2328.64,14.87
1551398400,2019-03-01,XVGUSD,0.006686,0.006686,0.006354,0.006455,3056.17,19.6
1551312000,2019-02-28,XVGUSD,0.006384,0.006686,0.00632,0.006686,4233.16,26.76
1551225600,2019-02-27,XVGUSD,0.006401,0.006646,0.006384,0.006384,332.84,2.145
1551139200,2019-02-26,XVGUSD,0.006473,0.006581,0.006323,0.006401,3699.25,24.02
1551052800,2019-02-25,XVGUSD,0.00661,0.006747,0.00645,0.006473,2714.51,17.78
1550966400,2019-02-24,XVGUSD,0.006888,0.007157,0.00656,0.00661,14518.88,96.99
1550880000,2019-02-23,XVGUSD,0.00696,0.006996,0.006883,0.006888,484.69,3.342
1550793600,2019-02-22,XVGUSD,0.006888,0.00702,0.006887,0.00696,3529.79,24.76
1550707200,2019-02-21,XVGUSD,0.006787,0.0069,0.006787,0.006888,3824.36,26.1
1550620800,2019-02-20,XVGUSD,0.00667,0.007016,0.00667,0.006787,9999.39,69.17
1550534400,2019-02-19,XVGUSD,0.006668,0.0069,0.006665,0.00667,55678.18,373.85
1550448000,2019-02-18,XVGUSD,0.006374,0.006992,0.006374,0.006668,89874.07,598.93
1550361600,2019-02-17,XVGUSD,0.006392,0.006553,0.006312,0.006374,24273.43,156.07
1550275200,2019-02-16,XVGUSD,0.006559,0.006688,0.00639,0.006392,130982.96,850.01
1550188800,2019-02-15,XVGUSD,0.006348,0.006562,0.0063,0.006559,42875.42,277.68
1550102400,2019-02-14,XVGUSD,0.006358,0.0067,0.006258,0.006348,105825.09,671.89
1550016000,2019-02-13,XVGUSD,0.006334,0.00658,0.006334,0.006358,96590.37,626.46
1549929600,2019-02-12,XVGUSD,0.006393,0.006548,0.0062,0.006334,106631.35,681.81
1549843200,2019-02-11,XVGUSD,0.006413,0.006413,0.006213,0.006393,20145.83,126.91
1549756800,2019-02-10,XVGUSD,0.006196,0.00648,0.006196,0.006413,32492.4,207.58
1549670400,2019-02-09,XVGUSD,0.006197,0.006698,0.006021,0.006196,37277.11,241.88
1549584000,2019-02-08,XVGUSD,0.006183,0.006569,0.0059,0.006197,65938.78,417.86
1549497600,2019-02-07,XVGUSD,0.0059,0.006734,0.0059,0.006183,53907.83,328.76
1549411200,2019-02-06,XVGUSD,0.006117,0.006392,0.0059,0.0059,137823.19,823.99
1549324800,2019-02-05,XVGUSD,0.006297,0.0065,0.006117,0.006117,163323.31,1047.9
1549238400,2019-02-04,XVGUSD,0.006299,0.0064,0.006103,0.006297,54913.63,345.64
1549152000,2019-02-03,XVGUSD,0.006298,0.006407,0.006298,0.006299,22948.18,145.3
1549065600,2019-02-02,XVGUSD,0.006465,0.00653,0.006274,0.006298,227086.02,1437.71
1548979200,2019-02-01,XVGUSD,0.0065,0.006587,0.006204,0.006465,52741.12,340.03
1548892800,2019-01-31,XVGUSD,0.0067,0.006799,0.0065,0.0065,86617.35,569.79
1548806400,2019-01-30,XVGUSD,0.006698,0.00675,0.0065,0.0067,310054.43,2081.4
1548720000,2019-01-29,XVGUSD,0.006656,0.0074,0.0065,0.006698,171206.23,1156.74
1548633600,2019-01-28,XVGUSD,0.00705,0.00705,0.006512,0.006656,245902.15,1651.63
1548547200,2019-01-27,XVGUSD,0.007226,0.007398,0.007,0.00705,72666.58,515.81
1548460800,2019-01-26,XVGUSD,0.00721,0.007484,0.007201,0.007226,77872.34,573.04
1548374400,2019-01-25,XVGUSD,0.007424,0.007424,0.007201,0.00721,24293.95,175.96
1548288000,2019-01-24,XVGUSD,0.007276,0.007483,0.007208,0.007424,54796.26,408.34
1548201600,2019-01-23,XVGUSD,0.007278,0.007678,0.00714,0.007276,105778.16,788.66
1548115200,2019-01-22,XVGUSD,0.007072,0.007398,0.007072,0.007278,29266.58,210.94
1548028800,2019-01-21,XVGUSD,0.0069,0.007248,0.0069,0.007072,28585.21,204.29
1547942400,2019-01-20,XVGUSD,0.007468,0.00761,0.0069,0.0069,266276.75,1918.71
1547856000,2019-01-19,XVGUSD,0.00729,0.00761,0.007176,0.007468,132171.86,980.77
1547769600,2019-01-18,XVGUSD,0.007399,0.007399,0.007062,0.00729,40584.07,290.41
1547683200,2019-01-17,XVGUSD,0.0074,0.0074,0.007036,0.007399,74697.73,547.24
1547596800,2019-01-16,XVGUSD,0.00734,0.007587,0.00701,0.0074,82155.96,590.55
1547510400,2019-01-15,XVGUSD,0.007885,0.007978,0.007299,0.00734,69789.49,513.53
1547424000,2019-01-14,XVGUSD,0.006877,0.00791,0.006877,0.007885,79298.94,576.18
1547337600,2019-01-13,XVGUSD,0.00755,0.007792,0.006877,0.006877,269038.12,1896.29
1547251200,2019-01-12,XVGUSD,0.00791,0.008,0.0075,0.00755,65349.3,507.8
1547164800,2019-01-11,XVGUSD,0.007905,0.008888,0.007878,0.00791,205466.83,1728.41
1547078400,2019-01-10,XVGUSD,0.007885,0.0087,0.00671,0.007905,365372.18,2800.01
1546992000,2019-01-09,XVGUSD,0.007699,0.007894,0.007503,0.007885,54550.93,419.36
1546905600,2019-01-08,XVGUSD,0.007714,0.007714,0.007496,0.007699,198749.86,1520.55
1546819200,2019-01-07,XVGUSD,0.007799,0.007929,0.00755,0.007714,89352.89,690.48
1546732800,2019-01-06,XVGUSD,0.0077,0.008,0.007535,0.007799,111104.18,865.14
1546646400,2019-01-05,XVGUSD,0.007522,0.00778,0.007436,0.0077,318880.35,2443.06
1546560000,2019-01-04,XVGUSD,0.00701,0.007799,0.00701,0.007522,237607.89,1834.71
1546473600,2019-01-03,XVGUSD,0.007701,0.007888,0.00701,0.00701,98756.91,754.98
1546387200,2019-01-02,XVGUSD,0.007454,0.007815,0.007454,0.007701,76913.75,588.78
1546300800,2019-01-01,XVGUSD,0.007495,0.007815,0.007101,0.007454,65451.74,486.53
1546214400,2018-12-31,XVGUSD,0.007786,0.007888,0.00723,0.007495,136226.82,1019.22
1546128000,2018-12-30,XVGUSD,0.007408,0.007786,0.007406,0.007786,30735.98,237.08
1546041600,2018-12-29,XVGUSD,0.007666,0.007997,0.007408,0.007408,118069.36,909.88
1545955200,2018-12-28,XVGUSD,0.007001,0.00816,0.007001,0.007666,118001.84,923.76
1545868800,2018-12-27,XVGUSD,0.008,0.008,0.007001,0.007001,120758.41,885.61
1545782400,2018-12-26,XVGUSD,0.007791,0.008196,0.007543,0.008,123634.4,977.49
1545696000,2018-12-25,XVGUSD,0.008962,0.008962,0.007301,0.007791,168619.56,1310.96
1545609600,2018-12-24,XVGUSD,0.00877,0.009528,0.008553,0.008962,360708.4,3252.82
1545523200,2018-12-23,XVGUSD,0.008543,0.00879,0.00836,0.00877,207386.22,1785.96
1545436800,2018-12-22,XVGUSD,0.008098,0.00875,0.0079,0.008543,164723.35,1355.82
1545350400,2018-12-21,XVGUSD,0.0087,0.0091,0.0079,0.008098,1259078.73,10768.76
1545264000,2018-12-20,XVGUSD,0.007767,0.00874,0.007309,0.0087,1493500.52,12458.05
1545177600,2018-12-19,XVGUSD,0.00685,0.0085,0.00681,0.007767,366331.59,2811.48
1545091200,2018-12-18,XVGUSD,0.006354,0.006877,0.00625,0.00685,171700.92,1107.1
1545004800,2018-12-17,XVGUSD,0.005904,0.006884,0.005904,0.006354,370194.81,2400.49
1544918400,2018-12-16,XVGUSD,0.006152,0.006252,0.005904,0.005904,103701.12,636.88
1544832000,2018-12-15,XVGUSD,0.006003,0.006178,0.0059,0.006152,234562.92,1408.04
1544745600,2018-12-14,XVGUSD,0.00608,0.006287,0.006,0.006003,68177.48,410.71
1544659200,2018-12-13,XVGUSD,0.0063,0.006379,0.006,0.00608,129100.27,787.39
1544572800,2018-12-12,XVGUSD,0.005903,0.006398,0.005903,0.0063,153496.08,946.86
1544486400,2018-12-11,XVGUSD,0.006017,0.00655,0.0059,0.005903,69632.65,420.97
1544400000,2018-12-10,XVGUSD,0.0065,0.006924,0.0059,0.006017,151433.21,954.51
1544313600,2018-12-09,XVGUSD,0.006394,0.007,0.006216,0.0065,215719.89,1413.97
1544227200,2018-12-08,XVGUSD,0.0063,0.006932,0.006138,0.006394,171228.12,1077.07
1544140800,2018-12-07,XVGUSD,0.0065,0.00685,0.005925,0.0063,469827.9,2892.9
1544054400,2018-12-06,XVGUSD,0.00716,0.007787,0.0065,0.0065,162731.25,1097.7
1543968000,2018-12-05,XVGUSD,0.007944,0.008072,0.0069,0.00716,37767.68,280.78
1543881600,2018-12-04,XVGUSD,0.00755,0.008118,0.00755,0.007944,81374.55,631.53
1543795200,2018-12-03,XVGUSD,0.0085,0.0085,0.007539,0.00755,169966.03,1353.81
1543708800,2018-12-02,XVGUSD,0.0083,0.008772,0.00802,0.0085,23397.81,195.88
1543622400,2018-12-01,XVGUSD,0.008008,0.008986,0.007628,0.0083,116250.76,1005.05
1543536000,2018-11-30,XVGUSD,0.008411,0.008965,0.007732,0.008008,169671.1,1374.63
1543449600,2018-11-29,XVGUSD,0.0082,0.01089,0.008008,0.008411,478732.84,4376.62
1543363200,2018-11-28,XVGUSD,0.006004,0.009263,0.006004,0.0082,496398.8,4014.94
1543276800,2018-11-27,XVGUSD,0.005769,0.006753,0.005766,0.006004,86007.79,524.46
1543190400,2018-11-26,XVGUSD,0.006163,0.006776,0.00568,0.005769,270019.14,1639.09
1543104000,2018-11-25,XVGUSD,0.0062,0.006674,0.005605,0.006163,312388,1877.34
1543017600,2018-11-24,XVGUSD,0.00684,0.007264,0.00601,0.0062,270040.26,1768.26
1542931200,2018-11-23,XVGUSD,0.007276,0.007276,0.0067,0.00684,213766.56,1495.48
1542844800,2018-11-22,XVGUSD,0.008387,0.008387,0.007276,0.007276,124619.34,943.63
1542758400,2018-11-21,XVGUSD,0.00718,0.008387,0.007106,0.008387,137822.72,1079.9
1542672000,2018-11-20,XVGUSD,0.008093,0.008724,0.006568,0.00718,597310.5,4570.54
1542585600,2018-11-19,XVGUSD,0.0104,0.01054,0.0076,0.008093,625036.7,5663.24
1542499200,2018-11-18,XVGUSD,0.01037,0.01054,0.0102,0.0104,132403.94,1370.33
1542412800,2018-11-17,XVGUSD,0.01065,0.01065,0.01015,0.01037,81354.58,844.13
1542326400,2018-11-16,XVGUSD,0.01091,0.0118,0.0106,0.01065,138068.34,1499.87
1542240000,2018-11-15,XVGUSD,0.01189,0.01204,0.01,0.01091,784265.91,8838.51
1542153600,2018-11-14,XVGUSD,0.01293,0.01326,0.01188,0.01189,398897.67,4835.04
1542067200,2018-11-13,XVGUSD,0.0132,0.01338,0.0129,0.01293,142452.95,1863.42
1541980800,2018-11-12,XVGUSD,0.0134,0.0134,0.013,0.0132,45706.25,605.48
1541894400,2018-11-11,XVGUSD,0.01386,0.01387,0.0134,0.0134,36967.84,503.57
1541808000,2018-11-10,XVGUSD,0.01355,0.01387,0.01355,0.01386,39527.1,541.3
1541721600,2018-11-09,XVGUSD,0.01385,0.01406,0.01355,0.01355,29405.18,405.85
1541635200,2018-11-08,XVGUSD,0.01434,0.01434,0.01381,0.01385,76964.57,1087.59
1541548800,2018-11-07,XVGUSD,0.01415,0.01434,0.01415,0.01434,74926.04,1063.39
1541462400,2018-11-06,XVGUSD,0.01383,0.01433,0.01381,0.01415,89184.2,1258.61
1541376000,2018-11-05,XVGUSD,0.01432,0.01456,0.01383,0.01383,33964.19,480.55
1541289600,2018-11-04,XVGUSD,0.0145,0.0146,0.01422,0.01432,71229.09,1027.32
1541203200,2018-11-03,XVGUSD,0.01439,0.01472,0.01411,0.0145,11514.51,166.56
1541116800,2018-11-02,XVGUSD,0.01433,0.01445,0.01401,0.01439,22780.49,327.32
1541030400,2018-11-01,XVGUSD,0.01444,0.01445,0.01391,0.01433,30075.15,427.28
1540944000,2018-10-31,XVGUSD,0.01426,0.01478,0.014,0.01444,20214.45,288.45
1540857600,2018-10-30,XVGUSD,0.0144,0.01495,0.01417,0.01426,25046.18,361.85
1540771200,2018-10-29,XVGUSD,0.01508,0.01529,0.0144,0.0144,83968.44,1228.73
1540684800,2018-10-28,XVGUSD,0.01511,0.01547,0.01505,0.01508,7123.08,109.3
1540598400,2018-10-27,XVGUSD,0.01514,0.01557,0.015,0.01511,18888.91,289.15
1540512000,2018-10-26,XVGUSD,0.01503,0.01535,0.0149,0.01514,45623.57,686.67
1540425600,2018-10-25,XVGUSD,0.01508,0.01533,0.0149,0.01503,90818.8,1365.7
1540339200,2018-10-24,XVGUSD,0.0152,0.0154,0.0149,0.01508,74521.6,1123
1540252800,2018-10-23,XVGUSD,0.01499,0.0152,0.01467,0.0152,14645.6,216.97
1540166400,2018-10-22,XVGUSD,0.0149,0.01519,0.01467,0.01499,114307.72,1705.31
1540080000,2018-10-21,XVGUSD,0.0149,0.0152,0.0149,0.0149,62465.84,940.81
1539993600,2018-10-20,XVGUSD,0.0149,0.01512,0.01471,0.0149,72130.44,1074.35
1539907200,2018-10-19,XVGUSD,0.01457,0.015,0.01441,0.0149,63471.39,936.07
1539820800,2018-10-18,XVGUSD,0.01485,0.01512,0.01457,0.01457,98939.14,1468.58
1539734400,2018-10-17,XVGUSD,0.015,0.01512,0.0146,0.01485,56684.05,843.19
1539648000,2018-10-16,XVGUSD,0.01483,0.0151,0.01468,0.015,39522.25,585.52
1539561600,2018-10-15,XVGUSD,0.0148,0.0153,0.0146,0.01483,332729.49,4972.12
1539475200,2018-10-14,XVGUSD,0.01482,0.0154,0.0148,0.0148,85401.07,1278.85
1539388800,2018-10-13,XVGUSD,0.01497,0.01534,0.01482,0.01482,109035.92,1646.1
1539302400,2018-10-12,XVGUSD,0.01506,0.01543,0.0146,0.01497,40969.09,622.36
1539216000,2018-10-11,XVGUSD,0.01668,0.01701,0.0142,0.01506,453062.06,6925.58
1539129600,2018-10-10,XVGUSD,0.01597,0.01695,0.01585,0.01668,102372.36,1661.79
1539043200,2018-10-09,XVGUSD,0.01631,0.01651,0.01596,0.01597,28454.73,461.49
1538956800,2018-10-08,XVGUSD,0.01568,0.0165,0.01563,0.01631,56293.12,907.54
1538870400,2018-10-07,XVGUSD,0.0154,0.01569,0.01525,0.01568,25486.3,395.91
1538784000,2018-10-06,XVGUSD,0.0154,0.01598,0.0154,0.0154,72357.01,1129.11
1538697600,2018-10-05,XVGUSD,0.01554,0.01609,0.015,0.0154,60424.8,943.83
1538611200,2018-10-04,XVGUSD,0.01524,0.01615,0.015,0.01554,80266.37,1263.01
1538524800,2018-10-03,XVGUSD,0.0155,0.01563,0.01461,0.01524,155755.36,2369.76
1538438400,2018-10-02,XVGUSD,0.0166,0.01691,0.0155,0.0155,94352.43,1510
1538352000,2018-10-01,XVGUSD,0.01549,0.0177,0.015,0.0166,282151.77,4658.08
1538265600,2018-09-30,XVGUSD,0.01502,0.01585,0.01445,0.01549,89212.26,1364.35
1538179200,2018-09-29,XVGUSD,0.01468,0.0151,0.0143,0.01502,55898.21,817.69
1538092800,2018-09-28,XVGUSD,0.0152,0.016,0.01438,0.01468,124044.9,1850.92
1538006400,2018-09-27,XVGUSD,0.01468,0.01535,0.0142,0.0152,218175.97,3261.25
1537920000,2018-09-26,XVGUSD,0.01411,0.01488,0.01411,0.01468,94806.02,1380.39
1537833600,2018-09-25,XVGUSD,0.015,0.015,0.01389,0.01411,269231.26,3892.73
1537747200,2018-09-24,XVGUSD,0.01554,0.01581,0.0145,0.015,184824,2785.04
1537660800,2018-09-23,XVGUSD,0.01499,0.016,0.01499,0.01554,110581.85,1749.93
1537574400,2018-09-22,XVGUSD,0.0164,0.0164,0.01486,0.01499,107210.72,1660.1
1537488000,2018-09-21,XVGUSD,0.0152,0.0164,0.01454,0.0164,222562.58,3432.53
1537401600,2018-09-20,XVGUSD,0.01391,0.0152,0.01391,0.0152,204748.56,2968.16
1537315200,2018-09-19,XVGUSD,0.01391,0.01415,0.01363,0.01391,445896.96,6291.02
1537228800,2018-09-18,XVGUSD,0.0132,0.0141,0.01307,0.01391,417911.01,5599.41
1537142400,2018-09-17,XVGUSD,0.01401,0.0144,0.01301,0.0132,211905.22,2904.98
1537056000,2018-09-16,XVGUSD,0.01359,0.0142,0.01345,0.01401,71872.93,996.6
1536969600,2018-09-15,XVGUSD,0.01397,0.0144,0.01335,0.01359,68230.67,947.21
1536883200,2018-09-14,XVGUSD,0.01406,0.01407,0.01324,0.01397,160112.92,2192.67
1536796800,2018-09-13,XVGUSD,0.0131,0.0145,0.0131,0.01406,150831.02,2098.53
1536710400,2018-09-12,XVGUSD,0.01275,0.014,0.01169,0.0131,467852.01,5926.47
1536624000,2018-09-11,XVGUSD,0.01335,0.01365,0.0127,0.01275,221976.63,2946.8
1536537600,2018-09-10,XVGUSD,0.01351,0.014,0.01313,0.01335,239918.22,3205.79
1536451200,2018-09-09,XVGUSD,0.01351,0.0163,0.01308,0.01351,179974.3,2554.96
1536364800,2018-09-08,XVGUSD,0.01483,0.0153,0.0135,0.01351,77127.66,1124.74
1536278400,2018-09-07,XVGUSD,0.01549,0.01599,0.0144,0.01483,124599.68,1865.44
1536192000,2018-09-06,XVGUSD,0.01527,0.01624,0.01452,0.01549,268357.39,4067.02
1536105600,2018-09-05,XVGUSD,0.0185,0.01907,0.0152,0.01527,144136.39,2417.28
1536019200,2018-09-04,XVGUSD,0.01837,0.02,0.01837,0.0185,238183.18,4564.03
1535932800,2018-09-03,XVGUSD,0.01875,0.01876,0.01735,0.01837,204542.55,3658.12
1535846400,2018-09-02,XVGUSD,0.01783,0.0202,0.0143,0.01875,502140.66,9477.77
1535760000,2018-09-01,XVGUSD,0.01486,0.01949,0.0148,0.01783,516775.87,9033.51
1535673600,2018-08-31,XVGUSD,0.01456,0.01494,0.01424,0.01486,64046.64,936.03
1535587200,2018-08-30,XVGUSD,0.01527,0.01527,0.0136,0.01456,211823.08,3001.76
1535500800,2018-08-29,XVGUSD,0.01585,0.01625,0.0145,0.01527,158667.87,2423.41
1535414400,2018-08-28,XVGUSD,0.0142,0.01658,0.0142,0.01585,223396.64,3568.27
1535328000,2018-08-27,XVGUSD,0.01398,0.01461,0.0137,0.0142,57848.92,818.7
1535241600,2018-08-26,XVGUSD,0.014,0.01417,0.0135,0.01398,60627.98,838.89
1535155200,2018-08-25,XVGUSD,0.01372,0.01425,0.01319,0.014,199063.48,2768.45
1535068800,2018-08-24,XVGUSD,0.01325,0.01418,0.0128,0.01372,149787.35,1960.43
1534982400,2018-08-23,XVGUSD,0.01295,0.0139,0.01256,0.01325,104640.25,1349.08
1534896000,2018-08-22,XVGUSD,0.01377,0.01448,0.01255,0.01295,150508.78,2091.54
1534809600,2018-08-21,XVGUSD,0.01382,0.0152,0.013,0.01377,236027.42,3334.01
1534723200,2018-08-20,XVGUSD,0.01498,0.0153,0.0136,0.01382,71037.9,1019.35
1534636800,2018-08-19,XVGUSD,0.0141,0.01568,0.01368,0.01498,118527.34,1722.04
1534550400,2018-08-18,XVGUSD,0.0153,0.0158,0.0135,0.0141,189866.69,2766.72
1534464000,2018-08-17,XVGUSD,0.01169,0.01589,0.01169,0.0153,733585.93,10784.38
1534377600,2018-08-16,XVGUSD,0.01181,0.0126,0.01125,0.01169,150932.58,1808.62
1534291200,2018-08-15,XVGUSD,0.0118,0.01279,0.0117,0.01181,252039.52,3112.37
1534204800,2018-08-14,XVGUSD,0.01261,0.01261,0.01077,0.0118,652187.08,7439.79
1534118400,2018-08-13,XVGUSD,0.01424,0.01456,0.01216,0.01261,226636.59,2972.89
1534032000,2018-08-12,XVGUSD,0.0145,0.01615,0.01354,0.01424,456844.48,7053.34
1533945600,2018-08-11,XVGUSD,0.01505,0.01633,0.01301,0.0145,288476.1,4130.43
1533859200,2018-08-10,XVGUSD,0.01659,0.01688,0.015,0.01505,314134.54,4983.18
1533772800,2018-08-09,XVGUSD,0.01617,0.01775,0.0156,0.01659,260514.86,4262.73
1533686400,2018-08-08,XVGUSD,0.0186,0.01875,0.0156,0.01617,167151.6,2851.29
1533600000,2018-08-07,XVGUSD,0.019,0.02108,0.0182,0.0186,203787.84,3880.49
1533513600,2018-08-06,XVGUSD,0.01961,0.0227,0.019,0.019,158555.38,3127.05
1533427200,2018-08-05,XVGUSD,0.01977,0.02093,0.0192,0.01961,65335.52,1286.02
1533340800,2018-08-04,XVGUSD,0.02077,0.022,0.01927,0.01977,178469.7,3570.86
1533254400,2018-08-03,XVGUSD,0.02171,0.023,0.02,0.02077,134610.14,2795.73
1533168000,2018-08-02,XVGUSD,0.02354,0.0236,0.02171,0.02171,106114.16,2378.49
1533081600,2018-08-01,XVGUSD,0.02478,0.02529,0.0233,0.02354,162531.69,3854.77
1532995200,2018-07-31,XVGUSD,0.02434,0.0268,0.02381,0.02478,304201.97,7776.71
1532908800,2018-07-30,XVGUSD,0.0238,0.0249,0.02289,0.02434,78888.15,1881.53
1532822400,2018-07-29,XVGUSD,0.02381,0.02417,0.02347,0.0238,33374.76,800.6
1532736000,2018-07-28,XVGUSD,0.02352,0.02436,0.02318,0.02381,44694.66,1065.79
1532649600,2018-07-27,XVGUSD,0.0236,0.02438,0.0228,0.02352,101009.72,2366.57
1532563200,2018-07-26,XVGUSD,0.0246,0.02538,0.02356,0.0236,63078.55,1545.68
1532476800,2018-07-25,XVGUSD,0.02351,0.0259,0.02303,0.0246,127164.98,3151.53
1532390400,2018-07-24,XVGUSD,0.02301,0.024,0.02276,0.02351,101180.29,2377.52
1532304000,2018-07-23,XVGUSD,0.023,0.024,0.02289,0.02301,85960.35,2005.9
1532217600,2018-07-22,XVGUSD,0.02405,0.02405,0.02277,0.023,123839.79,2864.25
1532131200,2018-07-21,XVGUSD,0.02348,0.02532,0.02284,0.02405,84920.66,2023.42
1532044800,2018-07-20,XVGUSD,0.02522,0.0259,0.02277,0.02348,151059.13,3671.55
1531958400,2018-07-19,XVGUSD,0.02588,0.02718,0.0252,0.02522,198757.2,5131.1
1531872000,2018-07-18,XVGUSD,0.0258,0.028,0.0258,0.02588,240896.35,6459.21
1531785600,2018-07-17,XVGUSD,0.02468,0.0267,0.02402,0.0258,115188.91,2904.52
1531699200,2018-07-16,XVGUSD,0.02347,0.02505,0.02301,0.02468,113331.84,2752.38
1531612800,2018-07-15,XVGUSD,0.02279,0.02405,0.022,0.02347,63508.57,1468.42
1531526400,2018-07-14,XVGUSD,0.02228,0.02291,0.022,0.02279,69374.83,1557.04
1531440000,2018-07-13,XVGUSD,0.022,0.02495,0.022,0.02228,92237.92,2142.2
1531353600,2018-07-12,XVGUSD,0.02295,0.02388,0.0218,0.022,110987.06,2511.83
1531267200,2018-07-11,XVGUSD,0.02242,0.02395,0.022,0.02295,300525.39,6877.99
1531180800,2018-07-10,XVGUSD,0.02514,0.02599,0.02173,0.02242,196216.34,4500.31
1531094400,2018-07-09,XVGUSD,0.02649,0.02694,0.025,0.02514,81823.73,2117.51
1531008000,2018-07-08,XVGUSD,0.026,0.027,0.02566,0.02649,107783.32,2822.37
1530921600,2018-07-07,XVGUSD,0.02508,0.026,0.0247,0.026,71452.67,1809.18
1530835200,2018-07-06,XVGUSD,0.02523,0.02572,0.02419,0.02508,87092.83,2159.14
1530748800,2018-07-05,XVGUSD,0.02692,0.02723,0.02511,0.02523,147374.37,3835.04
1530662400,2018-07-04,XVGUSD,0.02706,0.02758,0.02607,0.02692,152991.34,4136.04
1530576000,2018-07-03,XVGUSD,0.02844,0.02844,0.02603,0.02706,258357.55,7049.8
1530489600,2018-07-02,XVGUSD,0.02595,0.02899,0.0243,0.02844,289012.61,7696.3
1530403200,2018-07-01,XVGUSD,0.02352,0.026,0.022,0.02595,225713.11,5183.4
1530316800,2018-06-30,XVGUSD,0.02291,0.02911,0.02291,0.02352,174620.25,4228.97
1530230400,2018-06-29,XVGUSD,0.0225,0.02349,0.02115,0.02291,185768.94,4076.15
1530144000,2018-06-28,XVGUSD,0.02258,0.0234,0.0225,0.0225,47971.02,1107.73
1530057600,2018-06-27,XVGUSD,0.02351,0.02388,0.02213,0.02258,90584.18,2078.27
1529971200,2018-06-26,XVGUSD,0.02458,0.02465,0.02246,0.02351,92853.07,2211.77
1529884800,2018-06-25,XVGUSD,0.02399,0.02598,0.02218,0.02458,158798.82,3825.25
1529798400,2018-06-24,XVGUSD,0.0254,0.0254,0.0222,0.02399,235606.38,5646.2
1529712000,2018-06-23,XVGUSD,0.0265,0.02848,0.0251,0.0254,139905.94,3678.43
1529625600,2018-06-22,XVGUSD,0.02855,0.02956,0.0261,0.0265,459210.7,12487.68
1529539200,2018-06-21,XVGUSD,0.02905,0.02965,0.02806,0.02855,71573.03,2083.93
1529452800,2018-06-20,XVGUSD,0.03071,0.03071,0.02876,0.02905,165145.15,4878.3
1529366400,2018-06-19,XVGUSD,0.02998,0.0314,0.02914,0.03071,350573.25,10537.75
1529280000,2018-06-18,XVGUSD,0.0287,0.03138,0.02773,0.02998,274471.66,8110.65
1529193600,2018-06-17,XVGUSD,0.02874,0.0301,0.02859,0.0287,63972.58,1862.68
1529107200,2018-06-16,XVGUSD,0.03,0.0305,0.02803,0.02874,200737.14,5828.31
1529020800,2018-06-15,XVGUSD,0.031,0.03162,0.02966,0.03,216325.71,6666.13
1528934400,2018-06-14,XVGUSD,0.0288,0.033,0.02817,0.031,226402.4,6911.14
1528848000,2018-06-13,XVGUSD,0.03,0.03033,0.0275,0.0288,343020.48,9928.27
1528761600,2018-06-12,XVGUSD,0.03347,0.03398,0.02987,0.03,334573.8,10351.12
1528675200,2018-06-11,XVGUSD,0.03317,0.03571,0.03209,0.03347,240752.39,8234.01
1528588800,2018-06-10,XVGUSD,0.03766,0.03817,0.03211,0.03317,317644.7,11322.91
1528502400,2018-06-09,XVGUSD,0.0398,0.04019,0.03766,0.03766,90211.04,3471.21
1528416000,2018-06-08,XVGUSD,0.03871,0.0405,0.0374,0.0398,115363.46,4419.45
1528329600,2018-06-07,XVGUSD,0.03987,0.041,0.0383,0.03871,155176.49,6055.92
1528243200,2018-06-06,XVGUSD,0.04028,0.04164,0.03812,0.03987,150987.14,5946.76
1528156800,2018-06-05,XVGUSD,0.0401,0.043,0.03899,0.04028,172107.08,6891.1
1528070400,2018-06-04,XVGUSD,0.04299,0.04299,0.0397,0.0401,166320.09,6821.8
1527984000,2018-06-03,XVGUSD,0.04201,0.0448,0.04081,0.04299,204852.66,8786.98
1527897600,2018-06-02,XVGUSD,0.03922,0.043,0.03922,0.04201,124115.95,5131.33
1527811200,2018-06-01,XVGUSD,0.04011,0.042,0.03899,0.03922,114209.63,4569.97
1527724800,2018-05-31,XVGUSD,0.03993,0.04195,0.039,0.04011,236238.54,9494.3
1527638400,2018-05-30,XVGUSD,0.0407,0.04174,0.0381,0.03993,377178.4,15058.16
1527552000,2018-05-29,XVGUSD,0.0372,0.043,0.0372,0.0407,215543.57,8666.13
1527465600,2018-05-28,XVGUSD,0.043,0.04532,0.03708,0.0372,245190.05,9645.37
1527379200,2018-05-27,XVGUSD,0.04266,0.04373,0.041,0.043,123399.2,5178.02
1527292800,2018-05-26,XVGUSD,0.04303,0.04587,0.04266,0.04266,175392.71,7650.13
1527206400,2018-05-25,XVGUSD,0.04542,0.04759,0.04286,0.04303,151501.5,6810.2
1527120000,2018-05-24,XVGUSD,0.04375,0.04765,0.041,0.04542,286726.36,12650.25
1527033600,2018-05-23,XVGUSD,0.0496,0.0507,0.041,0.04375,556607.89,25146.57
1526947200,2018-05-22,XVGUSD,0.05611,0.05649,0.0481,0.0496,314332.56,16169.19
1526860800,2018-05-21,XVGUSD,0.05796,0.05819,0.055,0.05611,153358.84,8614.12
1526774400,2018-05-20,XVGUSD,0.05425,0.05944,0.05424,0.05796,171923.97,9698.49
1526688000,2018-05-19,XVGUSD,0.055,0.05646,0.05397,0.05425,166817.03,9162.48
1526601600,2018-05-18,XVGUSD,0.0538,0.05591,0.05289,0.055,181555.17,9795.36
1526515200,2018-05-17,XVGUSD,0.05765,0.06002,0.0538,0.0538,246516.67,14074.15
1526428800,2018-05-16,XVGUSD,0.05908,0.0599,0.05507,0.05765,252244.53,14347.14
1526342400,2018-05-15,XVGUSD,0.06089,0.06333,0.058,0.05908,262578.89,15953.01
1526256000,2018-05-14,XVGUSD,0.06576,0.066,0.06,0.06089,177136.11,10987.85
1526169600,2018-05-13,XVGUSD,0.06075,0.068,0.06008,0.06576,269520.16,16858.67
1526083200,2018-05-12,XVGUSD,0.06064,0.0641,0.0575,0.06075,204682.84,12344.5
1525996800,2018-05-11,XVGUSD,0.07124,0.07124,0.058,0.06064,511212.23,32837.18
1525910400,2018-05-10,XVGUSD,0.0769,0.07699,0.071,0.07124,146882.43,10872.56
1525824000,2018-05-09,XVGUSD,0.07489,0.0786,0.07098,0.0769,403591.19,30359.84
1525737600,2018-05-08,XVGUSD,0.076,0.07849,0.07262,0.07489,246421.01,18653.78
1525651200,2018-05-07,XVGUSD,0.07672,0.07672,0.07001,0.076,168043.91,12309.79
1525564800,2018-05-06,XVGUSD,0.07916,0.07957,0.065,0.07672,386261.94,28570.63
1525478400,2018-05-05,XVGUSD,0.07903,0.081,0.07806,0.07916,189494.23,15078.49
1525392000,2018-05-04,XVGUSD,0.0787,0.081,0.077,0.07903,289675.35,22732.93
1525305600,2018-05-03,XVGUSD,0.08129,0.083,0.0771,0.0787,455839.55,36217.77
1525219200,2018-05-02,XVGUSD,0.08114,0.08499,0.079,0.08129,482057.71,39471.37
1525132800,2018-05-01,XVGUSD,0.0774,0.0885,0.072,0.08114,1024532.94,83363.14
1525046400,2018-04-30,XVGUSD,0.0706,0.08289,0.06786,0.0774,887498.51,66557.32
1524960000,2018-04-29,XVGUSD,0.0712,0.07223,0.06786,0.0706,431426.7,30471.17
1524873600,2018-04-28,XVGUSD,0.06803,0.0722,0.0676,0.0712,310874.37,22043.34
1524787200,2018-04-27,XVGUSD,0.0702,0.0737,0.0676,0.06803,592462.92,41886.13
1524700800,2018-04-26,XVGUSD,0.06101,0.071,0.061,0.0702,565121.51,37994.91
1524614400,2018-04-25,XVGUSD,0.06871,0.073,0.06,0.06101,852747.47,55497.72
1524528000,2018-04-24,XVGUSD,0.06927,0.0713,0.068,0.06871,886469.47,61337.07
1524441600,2018-04-23,XVGUSD,0.06886,0.07197,0.06865,0.06927,470821.48,33031.73
1524355200,2018-04-22,XVGUSD,0.06793,0.0739,0.067,0.06886,405526.23,28557.4
1524268800,2018-04-21,XVGUSD,0.07,0.073,0.0665,0.06793,576398.85,39703.26
1524182400,2018-04-20,XVGUSD,0.0747,0.0747,0.06879,0.07,880179.35,63416.73
1524096000,2018-04-19,XVGUSD,0.06487,0.07853,0.0607,0.0747,1385743.08,96313.54
1524009600,2018-04-18,XVGUSD,0.075,0.0807,0.06423,0.06487,1465842.88,106416.23
1523923200,2018-04-17,XVGUSD,0.09389,0.117,0.071,0.075,1954853.98,174405.19
1523836800,2018-04-16,XVGUSD,0.09,0.0975,0.08041,0.09389,659364.84,56627.73
1523750400,2018-04-15,XVGUSD,0.0866,0.093,0.08492,0.09,467021.99,41745.52
1523664000,2018-04-14,XVGUSD,0.09275,0.09869,0.08264,0.0866,600902.63,54157.55
1523577600,2018-04-13,XVGUSD,0.0901,0.1005,0.087,0.09275,730674.24,69795.21
1523491200,2018-04-12,XVGUSD,0.08358,0.09289,0.08086,0.0901,518417.37,45174.27
1523404800,2018-04-11,XVGUSD,0.08515,0.08796,0.07924,0.08358,613765.47,50858.67
1523318400,2018-04-10,XVGUSD,0.073,0.0911,0.07,0.08515,1366364.28,109747.69
1523232000,2018-04-09,XVGUSD,0.06623,0.07312,0.064,0.073,637949.72,43826.34
1523145600,2018-04-08,XVGUSD,0.06371,0.06624,0.06236,0.06623,381158.23,24489.52
1523059200,2018-04-07,XVGUSD,0.05851,0.06599,0.05843,0.06371,643925.47,40995.25
1522972800,2018-04-06,XVGUSD,0.05699,0.05942,0.05401,0.05851,538358.45,30754.29
1522886400,2018-04-05,XVGUSD,0.06181,0.06417,0.05317,0.05699,748386.93,43911.55
1522800000,2018-04-04,XVGUSD,0.0738,0.0744,0.059,0.06181,838252.56,55341.2
1522713600,2018-04-03,XVGUSD,0.04876,0.08024,0.04876,0.0738,1630622.66,105569.36
1522627200,2018-04-02,XVGUSD,0.04698,0.0495,0.045,0.04876,343610.73,16366.16
1522540800,2018-04-01,XVGUSD,0.04131,0.04875,0.04,0.04698,737272.7,33103.27
1522454400,2018-03-31,XVGUSD,0.03995,0.0429,0.03858,0.04131,332697.87,13769.51
1522368000,2018-03-30,XVGUSD,0.04078,0.044,0.036,0.03995,583369.05,23304.34
1522281600,2018-03-29,XVGUSD,0.04382,0.04485,0.04001,0.04078,493365.86,20702.49
1522195200,2018-03-28,XVGUSD,0.04411,0.04631,0.042,0.04382,310789.09,13716.15
1522108800,2018-03-27,XVGUSD,0.04661,0.057,0.042,0.04411,943347.82,46378.33
1522022400,2018-03-26,XVGUSD,0.04373,0.05,0.03769,0.04661,505523.63,21809.37
1521936000,2018-03-25,XVGUSD,0.04666,0.04667,0.04208,0.04373,295368.08,12891.32
1521849600,2018-03-24,XVGUSD,0.04019,0.0489,0.03905,0.04666,684633.52,31518
1521763200,2018-03-23,XVGUSD,0.03924,0.04156,0.0354,0.04019,315934.67,12211.24
1521676800,2018-03-22,XVGUSD,0.03472,0.04176,0.0323,0.03924,356460,12832.57
1521590400,2018-03-21,XVGUSD,0.03618,0.038,0.0333,0.03472,302009.53,10837.09
1521504000,2018-03-20,XVGUSD,0.032,0.03811,0.03093,0.03618,548852.05,18657.72
1521417600,2018-03-19,XVGUSD,0.0303,0.035,0.0301,0.032,594528.67,18709.63
1521331200,2018-03-18,XVGUSD,0.03017,0.03546,0.02501,0.0303,297507,8460.38
1521244800,2018-03-17,XVGUSD,0.03543,0.03543,0.0291,0.03017,183793.3,5844.47
1521158400,2018-03-16,XVGUSD,0.03222,0.0355,0.03115,0.03543,360372.74,12260.06
1521072000,2018-03-15,XVGUSD,0.0337,0.0355,0.03,0.03222,568143.35,18429.51
1520985600,2018-03-14,XVGUSD,0.03929,0.043,0.031,0.0337,440648.85,16166.1
1520899200,2018-03-13,XVGUSD,0.03974,0.04091,0.037,0.03929,444749.02,17401.37
1520812800,2018-03-12,XVGUSD,0.04074,0.0438,0.038,0.03974,415945.19,16826.19
1520726400,2018-03-11,XVGUSD,0.03814,0.0425,0.03755,0.04074,457891.77,18372.65
1520640000,2018-03-10,XVGUSD,0.042,0.046,0.03761,0.03814,629826.8,26739.57
1520553600,2018-03-09,XVGUSD,0.04201,0.04303,0.03519,0.042,1409937.53,54534.28
1520467200,2018-03-08,XVGUSD,0.04615,0.0474,0.04201,0.04201,852057.98,38505.09
1520380800,2018-03-07,XVGUSD,0.051,0.05349,0.04254,0.04615,518319.59,24064.77
1520294400,2018-03-06,XVGUSD,0.056,0.058,0.051,0.051,230795.48,12481.38
1520208000,2018-03-05,XVGUSD,0.05685,0.06,0.055,0.056,447828.79,25770.32
1520121600,2018-03-04,XVGUSD,0.057,0.05999,0.056,0.05685,239391.6,13839.06
1520035200,2018-03-03,XVGUSD,0.06211,0.06211,0.05673,0.057,380487.25,22401.49
1519948800,2018-03-02,XVGUSD,0.0605,0.06605,0.06023,0.06211,315560.59,19810.11
1519862400,2018-03-01,XVGUSD,0.0575,0.06989,0.055,0.0605,496305.97,30751.31
1519776000,2018-02-28,XVGUSD,0.0631,0.0655,0.057,0.0575,484022.92,29057.55
1519689600,2018-02-27,XVGUSD,0.06428,0.0655,0.06,0.0631,252720.43,15831.05
1519603200,2018-02-26,XVGUSD,0.06185,0.066,0.06012,0.06428,349253.8,22103.8
1519516800,2018-02-25,XVGUSD,0.06273,0.07207,0.06,0.06185,385332.8,24146.68
1519430400,2018-02-24,XVGUSD,0.0653,0.06996,0.06,0.06273,449371.74,28506.64
1519344000,2018-02-23,XVGUSD,0.06451,0.07,0.06126,0.0653,419116.11,27555.8
1519257600,2018-02-22,XVGUSD,0.06989,0.075,0.06,0.06451,393248.42,26348.69
1519171200,2018-02-21,XVGUSD,0.0751,0.07818,0.06661,0.06989,588574.02,41834.92
1519084800,2018-02-20,XVGUSD,0.085,0.08678,0.0751,0.0751,491158.25,39736.03
1518998400,2018-02-19,XVGUSD,0.081,0.08897,0.08,0.085,878683.17,73576.24
1518912000,2018-02-18,XVGUSD,0.09522,0.0955,0.07611,0.081,1129433.73,94390.21
1518825600,2018-02-17,XVGUSD,0.072,0.103,0.07,0.09522,1322897.3,114738.01
1518739200,2018-02-16,XVGUSD,0.06288,0.074,0.06189,0.072,486719.74,32577.61
1518652800,2018-02-15,XVGUSD,0.06187,0.063,0.05892,0.06288,554554.99,33975.9
1518566400,2018-02-14,XVGUSD,0.05724,0.0649,0.0556,0.06187,542255.73,32295.6
1518480000,2018-02-13,XVGUSD,0.05846,0.05987,0.0556,0.05724,338176.36,19448.82
1518393600,2018-02-12,XVGUSD,0.0577,0.061,0.056,0.05846,387065.91,22693.99
1518307200,2018-02-11,XVGUSD,0.063,0.06348,0.05494,0.0577,338466.38,19503.45
1518220800,2018-02-10,XVGUSD,0.06,0.074,0.058,0.063,446408.42,28319.52
1518134400,2018-02-09,XVGUSD,0.0535,0.06149,0.051,0.06,445180.4,24999.61
1518048000,2018-02-08,XVGUSD,0.0572,0.0605,0.051,0.0535,561191.44,30851.38
1517961600,2018-02-07,XVGUSD,0.05556,0.06575,0.05,0.0572,478073.55,28415.76
1517875200,2018-02-06,XVGUSD,0.05105,0.07088,0.043,0.05556,549162.67,28174.81
1517788800,2018-02-05,XVGUSD,0.06066,0.06223,0.05,0.05105,545599.58,29633.52
1517702400,2018-02-04,XVGUSD,0.0732,0.07378,0.058,0.06066,490032.03,31914.23
1517616000,2018-02-03,XVGUSD,0.05952,0.075,0.05712,0.0732,804453.47,56284.34
1517529600,2018-02-02,XVGUSD,0.06081,0.06689,0.038,0.05952,838036.5,46839.31
1517443200,2018-02-01,XVGUSD,0.0748,0.08161,0.05702,0.06081,570075.77,38942.84
1517356800,2018-01-31,XVGUSD,0.075,0.07995,0.0711,0.0748,424180.77,31334.81
1517270400,2018-01-30,XVGUSD,0.09366,0.09366,0.075,0.075,562659.99,46508.84
1517184000,2018-01-29,XVGUSD,0.0956,0.098,0.0902,0.09366,252417.14,23602.81
1517097600,2018-01-28,XVGUSD,0.09891,0.1028,0.095,0.0956,204934.48,19871.09
1517011200,2018-01-27,XVGUSD,0.09016,0.103,0.0901,0.09891,298439.86,29040.32
1516924800,2018-01-26,XVGUSD,0.09756,0.103,0.085,0.09016,409531.87,38061.54
1516838400,2018-01-25,XVGUSD,0.0993,0.1043,0.095,0.09756,412253.68,40978.52
1516752000,2018-01-24,XVGUSD,0.1028,0.109,0.0993,0.0993,525396.29,54273.6
1516665600,2018-01-23,XVGUSD,0.1136,0.1136,0.1,0.1028,152207.12,15972.41
1516579200,2018-01-22,XVGUSD,0.1136,0.1136,0.1136,0.1136,0,0
1516492800,2018-01-21,XVGUSD,0.1221,0.138,0.1111,0.1136,399112.37,50885.88
1516406400,2018-01-20,XVGUSD,0.1249,0.127,0.115,0.1221,674079.48,82362.07
1516320000,2018-01-19,XVGUSD,0.1331,0.14,0.12,0.1249,786759.5,102042.1
1516233600,2018-01-18,XVGUSD,0.1122,0.1488,0.109,0.1331,513466.5,65807.3
1516147200,2018-01-17,XVGUSD,0.105,0.139,0.071,0.1122,1213059.7,117462.19
1516060800,2018-01-16,XVGUSD,0.16,0.1633,0.08,0.105,1731105.22,198940.68
1515974400,2018-01-15,XVGUSD,0.1721,0.1788,0.16,0.16,331003.19,56035.69
1515888000,2018-01-14,XVGUSD,0.1782,0.181,0.1668,0.1721,249084.64,42946.65
1515801600,2018-01-13,XVGUSD,0.169,0.1859,0.169,0.1782,334681.97,59304.05
1515715200,2018-01-12,XVGUSD,0.1604,0.174,0.155,0.169,146835.71,24366.38
1515628800,2018-01-11,XVGUSD,0.187,0.191,0.1598,0.1604,1120730.99,198217.13
1515542400,2018-01-10,XVGUSD,0.2184,0.224,0.18,0.187,935901.36,183320.34
1515456000,2018-01-09,XVGUSD,0.19,0.2575,0.19,0.2184,2373666.62,556674.58
1515369600,2018-01-08,XVGUSD,0.1811,0.22,0.175,0.19,1824649.12,358085.38
1515283200,2018-01-07,XVGUSD,0.1806,0.195,0.175,0.1811,1136949.66,211477.42
1515196800,2018-01-06,XVGUSD,0.194,0.1941,0.174,0.1806,1626151.41,299327.41
1515110400,2018-01-05,XVGUSD,0.1792,0.205,0.1601,0.194,1796018.81,330336.07
1515024000,2018-01-04,XVGUSD,0.156,0.2125,0.1523,0.1792,2894552.61,528709.31
1514937600,2018-01-03,XVGUSD,0.1576,0.17,0.1446,0.156,1984551.83,312994.13
1514851200,2018-01-02,XVGUSD,0.178,0.1856,0.1476,0.1576,2336383.37,386542.43
1514764800,2018-01-01,XVGUSD,0.2465,0.2498,0.1671,0.178,1483659.83,289518.29
1514678400,2017-12-31,XVGUSD,0.166,0.25,0.16,0.2465,1567700.89,334914.21
1514592000,2017-12-30,XVGUSD,0.1843,0.185,0.165,0.166,410106,70013.62
1514505600,2017-12-29,XVGUSD,0.182,0.1989,0.16,0.1843,731734.08,132486.88
1514419200,2017-12-28,XVGUSD,0.1554,0.19,0.13,0.182,1298738.56,199385.42
1514332800,2017-12-27,XVGUSD,0.2089,0.215,0.15,0.1554,992007.6,180798.36
1514246400,2017-12-26,XVGUSD,0.1833,0.2169,0.161,0.2089,1324506.54,251078.1
1514160000,2017-12-25,XVGUSD,0.2825,0.29,0.1535,0.1833,1203092.94,267450
1514073600,2017-12-24,XVGUSD,0.247,0.3106,0.2363,0.2825,1053967.91,284449.76
1513987200,2017-12-23,XVGUSD,0.14,0.349,0.1316,0.247,2298090.82,578125.58
1513900800,2017-12-22,XVGUSD,0.1325,0.15,0.084,0.14,849936.47,100296.93
1513814400,2017-12-21,XVGUSD,0.1551,0.185,0.1113,0.1325,1057474.05,159346.34
1513728000,2017-12-20,XVGUSD,0.083,0.175,0.0665,0.1551,1891481.26,236833.96
1513641600,2017-12-19,XVGUSD,0.058,0.084,0.05694,0.083,1339804.72,93148.66
1513555200,2017-12-18,XVGUSD,0.05995,0.06413,0.0481,0.058,498266.34,28772.02
1513468800,2017-12-17,XVGUSD,0.04281,0.08,0.04277,0.05995,1167017.11,69386.74
1513382400,2017-12-16,XVGUSD,0.01758,0.055,0.01758,0.04281,714248.16,23794.4
1513296000,2017-12-15,XVGUSD,0.022,0.0238,0.016,0.01758,235169.16,4327.95
1513209600,2017-12-14,XVGUSD,0.009,0.0265,0.009,0.022,343902.9,6209.86
1513123200,2017-12-13,XVGUSD,0.008215,0.017,0.007615,0.009,96139.26,1161.68
1513036800,2017-12-12,XVGUSD,0.0092,0.009621,0.007615,0.008215,38038.43,338.13
1512950400,2017-12-11,XVGUSD,0.0085,0.009621,0.0085,0.0092,73402.64,675.06
1512864000,2017-12-10,XVGUSD,0.00801,0.009699,0.007615,0.0085,204940.74,1763.53
1512777600,2017-12-09,XVGUSD,0.0085,0.01,0.00801,0.00801,179236.73,1641.82
1512691200,2017-12-08,XVGUSD,0.0081,0.0094,0.0081,0.0085,64562.5,553.55
1512604800,2017-12-07,XVGUSD,0.0084,0.01,0.006801,0.0081,126534.95,1161.14
1512518400,2017-12-06,XVGUSD,0.007875,0.0084,0.006801,0.0084,113298.26,838.97
1512432000,2017-12-05,XVGUSD,0.0081,0.00849,0.0074,0.007875,152763.73,1241.92
1512345600,2017-12-04,XVGUSD,0.006972,0.008388,0.0068,0.0081,120304.91,945.99
1512259200,2017-12-03,XVGUSD,0.0063,0.00849,0.006048,0.006972,106812.03,751.25
1512172800,2017-12-02,XVGUSD,0.006,0.0066,0.006,0.0063,50807.14,307.45
1512086400,2017-12-01,XVGUSD,0.00639,0.00639,0.0051,0.006,51785.98,321.01
1512000000,2017-11-30,XVGUSD,0.0052,0.00639,0.0051,0.00639,7914.56,43.65
1511913600,2017-11-29,XVGUSD,0.005801,0.0069,0.005121,0.0052,96306.91,564.13
1511827200,2017-11-28,XVGUSD,0.006746,0.0068,0.005801,0.005801,6474.18,40.12
1511740800,2017-11-27,XVGUSD,0.0057,0.0075,0.0057,0.006746,26171.86,169.84
1511654400,2017-11-26,XVGUSD,0.0056,0.0066,0.005555,0.0057,119079.41,683.18
1511568000,2017-11-25,XVGUSD,0.0051,0.0056,0.0051,0.0056,15657.71,87.68
1511481600,2017-11-24,XVGUSD,0.00539,0.0056,0.005,0.0051,102870.92,526.07
1511395200,2017-11-23,XVGUSD,0.00582,0.006295,0.0052,0.00539,159596.93,898.47
1511308800,2017-11-22,XVGUSD,0.005976,0.0063,0.0057,0.00582,244381.52,1458.9
1511222400,2017-11-21,XVGUSD,0.00555,0.00605,0.0053,0.005976,24104.5,135.47
1511136000,2017-11-20,XVGUSD,0.0062,0.0065,0.0055,0.00555,23269.17,138.46
1511049600,2017-11-19,XVGUSD,0.0062,0.0067,0.00605,0.0062,44015.33,284.67
1510963200,2017-11-18,XVGUSD,0.0065,0.0065,0.00608,0.0062,32848.74,201.37
1510876800,2017-11-17,XVGUSD,0.007,0.007999,0.00605,0.0065,61691.84,386.19
1510790400,2017-11-16,XVGUSD,0.006941,0.007999,0.006056,0.007,7031.46,42.85
1510704000,2017-11-15,XVGUSD,0.00799,0.007999,0.00605,0.006941,7689.53,59.48
1510617600,2017-11-14,XVGUSD,0.007,0.007999,0.006,0.00799,9502.4,73.7
1510531200,2017-11-13,XVGUSD,0.007988,0.007988,0.00512,0.007,2734.65,20.08
1510444800,2017-11-12,XVGUSD,0.008,0.008,0.005,0.007988,21619.3,162.84
1510358400,2017-11-11,XVGUSD,0.007488,0.00815,0.0068,0.008,4077.56,28.58
1510272000,2017-11-10,XVGUSD,0.00815,0.00815,0.007,0.007488,27842.13,202.39
1510185600,2017-11-09,XVGUSD,0.007992,0.0082,0.007,0.00815,1117.67,8.612
1510099200,2017-11-08,XVGUSD,0.007085,0.01088,0.007,0.007992,45980.85,356.25
1510012800,2017-11-07,XVGUSD,0.0085,0.01195,0.007085,0.007085,1451.17,16.01
1509926400,2017-11-06,XVGUSD,0.009,0.012,0.00709,0.0085,4452.64,43.12
1509840000,2017-11-05,XVGUSD,0.00778,0.009,0.0056,0.009,16626.42,128.49
1509753600,2017-11-04,XVGUSD,0.00729,0.00778,0.007,0.00778,10565.67,79.49
1509667200,2017-11-03,XVGUSD,0.006667,0.00729,0.006658,0.00729,4692.34,32.56
1509580800,2017-11-02,XVGUSD,0.0063,0.007785,0.00503,0.006667,9897.96,62.9
1509494400,2017-11-01,XVGUSD,0.007,0.0072,0.006081,0.0063,12014.05,80.11
1509408000,2017-10-31,XVGUSD,0.005108,0.007,0.005036,0.007,12182,81.21
1509321600,2017-10-30,XVGUSD,0.0064,0.0065,0.005108,0.005108,7027.43,45.36
